player_id,vaep_total,off_total,def_total,n_actions,games,vaep_p90,jugador,xT_p90,xT_total,cluster,rank_vaep,rank_xt,rank_avg
0,33.942430370756426,63.81167494963296,-29.869244578876533,10719,1136,0.029878899974257418,0,0.08872637188981695,100.79315846683207,2.0,1124,1033,1078.5
36,2.9943262306042016,2.52815975737758,0.46616647322662175,1099,14,0.21388044504315726,T. Alderweireld,0.7995438516415084,11.193613922981118,1.0,278,11,144.5
48,7.503888767096214,5.463238594238646,2.0406501728575677,2977,36,0.2084413546415615,J. Vertonghen,0.6378273572340969,22.96178486042749,1.0,307,64,185.5
54,16.335237613584848,16.72340116562229,-0.38816355203744024,2959,37,0.4414929084752662,C. Eriksen,0.667372503223982,24.692782619287335,3.0,24,52,38.0
74,4.507873195107095,3.4832795922411606,1.0245936028659344,1334,18,0.2504373997281719,R. Klavan,0.5484136555149954,9.871445799269917,1.0,171,131,151.0
93,8.72613910534326,8.36545518687833,0.36068391846492887,1486,35,0.24931826015266456,J. Guðmunds­son,0.4578036989010215,16.023129461535753,3.0,173,265,219.0
107,4.679357536952011,4.2184572401456535,0.4609002968063578,1758,31,0.15094701732103263,E. Pieters,0.5030518973167143,15.594608816818145,1.0,580,188,384.0
114,4.316758168334141,4.057353217558935,0.2594049507752061,1791,32,0.13489869276044192,K. Strootman,0.39633670549646105,12.682774575886754,1.0,667,368,517.5
116,2.8891591494288296,1.8889468762176111,1.0002122732112184,1592,33,0.08755027725541908,G. Wijnaldum,0.12456607469285576,4.11068046486424,1.0,929,957,943.0
122,10.592191899641081,11.131475881304256,-0.5392839816631749,1424,38,0.27874189209581796,D. Mertens,0.20709894073655924,7.869759747989251,0.0,127,787,457.0
130,10.97339481441304,8.682519499328919,2.290875315084122,2031,36,0.30481652262258446,S. de Vrij,0.3523906912048131,12.686064883373271,1.0,89,472,280.5
132,2.2422133127693087,1.3567898680921644,0.8854234446771443,555,13,0.17247794713610068,T. Kongolo,0.356953290316473,4.640392774114149,1.0,465,461,463.0
134,0.7811509206658229,0.4274983503855765,0.35365257028024644,516,17,0.045950054156813115,B. Martins Indi,0.23457196039615658,3.987723326734662,1.0,1094,727,910.5
151,2.4939122684849426,2.814716042540036,-0.3208037740550935,567,25,0.0997564907393977,J. Guidetti,0.13206289723708423,3.3015724309271057,0.0,864,942,903.0
160,6.693917524651624,6.730793692870066,-0.03687616821844131,1313,23,0.29103989237615757,D. Janmaat,0.5500986390496136,12.652268698141114,1.0,109,124,116.5
173,3.3976440749976113,3.1094956228190362,0.2881484521785751,1230,32,0.10617637734367535,R. van La Parra,0.2200925280972566,7.042960899112211,0.0,833,760,796.5
174,0.6320084306448698,0.5475613382682204,0.08444709237664938,594,16,0.03950052691530436,F. Đuričić,0.2158655213787046,3.4538483420592736,0.0,1109,768,938.5
179,1.6884634015150368,1.5458366353996098,0.14262676611542702,323,18,0.09380352230639094,L. Narsingh,0.05702565377750238,1.0264617679950427,0.0,893,1087,990.0
192,3.1213073413819075,2.0302109379554167,1.0910964034264907,730,15,0.20808715609212716,J. Vuković,0.31811939480316653,4.771790922047498,1.0,311,559,435.0
254,9.412296677275561,10.042401343502105,-0.6301046662265435,2385,35,0.2689227622078732,R. Rosales,0.7107011021516543,24.8745385753079,1.0,135,35,85.0
262,1.9218405616702512,1.518958187662065,0.40288237400818616,841,20,0.09609202808351255,L. Fer,0.1820340422247823,3.6406808444956464,1.0,876,846,861.0
284,2.266367071424611,1.934839240158908,0.33152783126570284,1154,24,0.09443196130935878,M. van der Hoorn,0.4020260344891861,9.648624827740466,1.0,889,353,621.0
340,4.476338332751766,4.201440672739409,0.27489766001235694,1399,21,0.21315896822627456,Cuco Martina,0.4442346355540585,9.32892734663523,1.0,284,284,284.0
370,2.3013224576134235,2.3463312194216996,-0.045008761808276176,2052,25,0.09205289830453695,V. van Dijk,0.6483209935828933,16.20802483957233,1.0,908,60,484.0
383,8.13157387222138,7.844297654740259,0.2872762174811214,1715,36,0.22587705200614946,D. Tadić,0.37448001896474703,13.481280682730894,0.0,235,422,328.5
394,4.934540120419115,3.4074347391724586,1.5271053812466562,1555,27,0.18276074520070795,B. Nuytinck,0.4193045616827786,11.321223165435022,1.0,413,327,370.0
454,10.04028141919896,8.904891753242351,1.135389665956609,1507,28,0.3585814792571057,P. van Aanholt,0.4345007662142581,12.166021453999226,1.0,43,305,174.0
466,5.011892290087417,2.5283097999636084,2.4835824901238084,1861,35,0.1431969225739262,D. Pröpper,0.33238408169615974,11.63344285936559,1.0,619,519,569.0
471,0.8060015219962224,0.9523463278310373,-0.1463448058348149,278,15,0.05373343479974816,W. Bony,-0.008005203927485962,-0.12007805891228943,0.0,1068,1195,1131.5
625,7.429466241683304,6.014529669137165,1.4149365725461394,2042,34,0.21851371299068542,M. de Roon,0.3791920363114214,12.892529234588327,1.0,265,404,334.5
703,3.9247726309113204,2.779006960336119,1.1457656705752015,1319,24,0.16353219295463836,M. Yoshida,0.4259044645351852,10.221707148844445,1.0,509,320,414.5
1751,-0.600727904714644,-0.31342168444395063,-0.2873062202706933,367,10,-0.060072790471464396,O. Tannane,0.12130965930682698,1.2130965930682698,3.0,1204,962,1083.0
3267,5.071013486012816,5.735135419294238,-0.6641219332814217,1110,33,0.1536670753337217,Guaita,0.7016328095155818,23.153882714014202,2.0,561,40,300.5
3269,7.424648455919698,6.393665510805324,1.0309829451143742,2780,33,0.22498934714908175,Jordi Alba,0.22827273306360724,7.533000191099039,1.0,241,744,492.5
3270,3.7862461963668466,4.067861953284591,-0.2816157569177449,1895,29,0.1305602136678223,Barragán,0.359075280203933,10.413183125914056,1.0,690,457,573.5
3277,6.543135975021869,4.81327984877862,1.7298561262432486,1710,27,0.24233836944525441,Víctor Ruíz,0.5408619842840432,14.603273575669165,1.0,191,141,166.0
3278,3.5982607543701306,3.663194257300347,-0.06493350293021649,1444,25,0.14393043017480522,Bruno Saltor,0.43365625204050395,10.841406301012599,1.0,610,307,458.5
3280,10.415225384048357,10.060900229252114,0.3543251547962427,2783,31,0.3359750123886567,É. Banega,0.8976464910595945,27.82704122284743,3.0,56,4,30.0
3282,7.255677078757435,7.959244934748858,-0.7035678559914231,1735,36,0.20154658552103985,Canales,0.31358857429693504,11.289188674689662,3.0,340,567,453.5
3286,11.88962112283741,10.422777514303446,1.4668436085339636,2961,34,0.34969473890698266,Dani Parejo,0.7324966364644145,24.904885639790095,3.0,48,29,38.5
3287,12.572312128380872,12.415004975628108,0.15730715275276452,1169,37,0.3397922196859695,Portu,0.2026688427926819,7.498747183329231,0.0,52,794,423.0
3290,2.432432651034221,2.528660502148457,-0.09622785111423582,701,33,0.07371008033437033,Aduriz,0.09595697425490958,3.1665801504120163,0.0,1006,1015,1010.5
3291,3.7525312168775127,3.7251901563042775,0.027341060573235154,312,17,0.22073713040455956,Paco Alcácer,0.0062445117926483735,0.10615670047502235,1.0,252,1184,718.0
3293,2.7875969915219843,3.0390945363358854,-0.2514975448139012,954,30,0.09291989971739947,P. Piatti,0.2966009486016191,8.898028458048573,3.0,903,604,753.5
3296,3.7565201731631532,4.3800624834839255,-0.6235423103207722,1397,30,0.12521733910543845,Adán,0.38578978478083226,11.573693543424968,2.0,725,386,555.5
3299,3.8198271410074085,5.089339088182896,-1.2695119471754879,1190,38,0.10052176686861601,Fernando Pacheco,0.4506976660994911,17.12651131178066,2.0,857,274,565.5
3300,9.256952679133974,8.137914509046823,1.1190381700871512,2858,31,0.2986113767462572,Albiol,0.7467923274654242,23.15056215142815,1.0,101,20,60.5
3304,4.85479065484833,4.490415212116204,0.3643754427321255,1386,27,0.1798070612906789,Nacho,0.2540087653074402,6.858236663300886,1.0,429,690,559.5
3306,6.020086229347795,4.704654981766067,1.3154312475817278,2173,26,0.23154177805183826,Sergio Ramos,0.7216954540512611,18.76408180533279,1.0,221,31,126.0
3309,3.6303358321310952,2.143662400660105,1.4866734314709902,1603,27,0.13445688267152203,R. Varane,0.37882321665322743,10.22822684963714,1.0,669,405,537.0
3310,9.950114385657944,9.686022858801298,0.26409152685664594,2340,28,0.3553612280592123,Marcelo,0.8432128179297039,23.60995890203171,1.0,46,6,26.0
3313,5.352658486908302,6.011463546643034,-0.6588050597347319,2024,38,0.14085943386600794,José Callejón,0.09287548685864282,3.529268500628427,3.0,630,1021,825.5
3317,3.0312918141027914,3.3976459760926665,-0.36635416198987514,929,25,0.12125167256411165,Granero,0.25090373589318393,6.272593397329598,3.0,756,699,727.5
3318,9.213383231195621,8.540944439475425,0.6724387917201966,1165,26,0.35436089350752387,S. Khedira,0.14240054952336384,3.7024142876074597,1.0,47,926,486.5
3319,10.483768186112865,11.334804737754165,-0.8510365516413003,2274,26,0.40322185331203325,M. Özil,0.6344941588823267,16.496848130940496,3.0,30,67,48.5
3321,1.5589747536549867,1.4650776400784553,0.09389711357653141,1135,32,0.048717961051718335,K. Benzema,0.1788692872088755,5.723817190684016,0.0,1077,851,964.0
3322,15.697452512098394,16.101686317584395,-0.4042338054860011,1182,27,0.5813871300777183,Cristiano Ronaldo,0.19746821954894406,5.331641927821489,3.0,3,804,403.5
3323,10.35594055540064,10.564225342652254,-0.20828478725161403,1137,35,0.2958840158685897,G. Higuaín,0.11718102510865878,4.101335878803058,0.0,105,969,537.0
3324,5.186110211187042,5.188358474872075,-0.0022482636850327253,909,31,0.16729387778022717,Álvaro Morata,0.10928386378349961,3.387799777288488,0.0,491,986,738.5
3325,7.477748774916865,6.56340635904856,0.9143424158683047,2411,35,0.2136499649976247,Juanfran,0.6507012621974112,22.77454417690939,1.0,279,58,168.5
3326,1.4715936052314937,1.3674696520837024,0.10412395314779133,259,13,0.11319950809473028,Jesé Rodríguez,0.11124280546273356,1.4461564710155363,0.0,797,981,889.0
3327,1.4316568756203427,1.4800747290446683,-0.048417853424325585,750,30,0.047721895854011424,Joselu,0.04249252929870726,1.2747758789612178,0.0,1084,1116,1100.0
3330,1.4320118142059073,3.619718875968829,-2.1877070617629215,838,26,0.05507737746945797,Oier,0.45678805487606,11.87648942677756,2.0,1066,268,667.0
3335,4.2811033056350425,2.9818170078797266,1.299286297755316,1364,16,0.26756895660219016,Bartra,0.7890086171680025,12.62413787468804,1.0,136,12,74.0
3337,2.510903729009442,1.5797443041810766,0.9311594248283654,815,12,0.2092419774174535,Fontàs,0.4857979542999767,5.8295754515997205,1.0,305,215,260.0
3338,5.263088121660985,3.769477319321595,1.49361080233939,1975,32,0.16447150380190578,Sergi Gómez,0.39493658999162956,12.637970879732146,1.0,500,369,434.5
3339,3.0617110872957856,3.6834564225832,-0.6217453352874145,1593,25,0.12246844349183142,Montoya,0.3772857957912881,9.432144894782203,1.0,743,409,576.0
3340,1.7776456095743924,1.067067916272208,0.7105776933021843,802,14,0.1269746863981709,Muniesa,0.4834521813068863,6.768330538296408,1.0,715,224,469.5
3341,6.125514138140716,4.7209964621579275,1.4045176759827882,2221,30,0.20418380460469052,Piqué,0.4308382505264841,12.925147515794523,1.0,328,311,319.5
3344,3.335157239748165,3.300813741222024,0.03434349852614105,966,17,0.1961857199851862,Rafinha,0.24397117466993437,4.147509969388884,1.0,357,710,533.5
3346,8.695225382456556,7.012678576284088,1.6825468061724678,2469,31,0.2804911413695663,Sergio Busquets,0.44442138169345297,13.777062832497043,1.0,125,283,204.0
3347,6.461961138178594,5.934224586584605,0.5277365515939891,2182,30,0.21539870460595315,Sergi Roberto,0.23329361882881822,6.998808564864547,1.0,274,732,503.0
3348,1.5026362602328882,1.5292879942534492,-0.02665173402056098,615,17,0.08839036824899342,Deulofeu,0.03321746489554893,0.5646969032243317,3.0,924,1144,1034.0
3350,10.759231632435695,9.98724541508127,0.7719862173544243,2592,32,0.33622598851361546,Fàbregas,0.7338126710726679,23.482005474325373,3.0,54,28,41.0
3351,4.5476004257733,4.384702790172771,0.1628976356005296,1230,23,0.1977217576423174,Kiko Femenía,0.22527436055819458,5.181310292838475,1.0,353,752,552.5
3353,6.887298043290153,6.403424469925463,0.48387357336468995,1875,30,0.2295766014430051,Iniesta,0.5188104991466818,15.564314974400451,1.0,228,173,200.5
3358,5.524828876472078,4.997113889070228,0.5277149874018505,960,32,0.17265090238975245,Cristian Tello,0.10527412259440637,3.368771923021004,0.0,464,991,727.5
3359,35.04237491815622,36.18311266721032,-1.1407377490540966,2753,36,0.9733993032821172,L. Messi,0.7383580524887196,26.580889889593905,3.0,1,26,13.5
3360,4.1720258138859645,4.232009596938267,-0.0599837830523029,949,31,0.1345814778672892,Pedro,0.18039856631693554,5.5923555558250015,0.0,668,848,758.0
3361,9.674216285534628,10.41313807999292,-0.7389217944582924,2056,31,0.3120714930817622,A. Sánchez,0.6280257514739003,19.46879829569091,3.0,83,72,77.5
3384,5.939447205397978,5.68072150298462,0.2587257024133578,1890,29,0.2048085243240682,A. Guardado,0.46885180560335665,13.596702362497343,3.0,323,243,283.0
3397,4.401540696504526,4.933206062298268,-0.5316653657937422,1163,30,0.14671802321681754,Arrizabalaga,0.5903775169326887,17.71132550798066,2.0,600,95,347.5
3398,1.0244539651321247,1.9006565794115886,-0.8762026142794639,376,11,0.09313217864837497,Raúl Fernández,0.6150953111179285,6.766048422297214,2.0,897,76,486.5
3407,2.9680354499723762,2.240140961133875,0.7278944888385013,1187,26,0.11415520961432216,Ramalho,0.38813816337680696,10.091592247796981,1.0,793,379,586.0
3408,1.454049055231735,1.5642260257154703,-0.1101769704837352,922,19,0.07652889764377553,Saborit,0.2499854356821766,4.749723277961356,1.0,990,701,845.5
3409,4.79883067694027,3.3311693399446085,1.4676613369956613,1255,26,0.18457041065154883,San José,0.2983554757551278,7.757242369633323,1.0,406,599,502.5
3413,3.0983152912780643,1.8793651796262711,1.2189501116517931,1267,26,0.11916597274146401,Ander Herrera,0.28795787830299313,7.486904835877821,1.0,767,627,697.0
3414,4.328012235620059,4.27055436842516,0.05745786719489843,1546,30,0.14426707452066861,Iturraspe,0.3544526742097218,10.633580226291654,1.0,609,467,538.0
3420,4.679627379937098,4.891858814003878,-0.2122314340667799,1345,34,0.13763609940991464,Susaeta,0.2378712312660501,8.087621863045703,3.0,650,721,685.5
3421,2.8393588874023408,2.7630856189643964,0.07627326843794435,1116,21,0.13520756606677814,De Marcos,0.31413390342536895,6.596811971932748,1.0,661,566,613.5
3423,9.704537880031138,9.577110181685283,0.12742769834585488,1291,34,0.2854275847067982,Ibai Gómez,0.4313657482160598,14.666435439346031,3.0,115,310,212.5
3424,0.3976426593726501,0.44886126555502415,-0.05121860618237406,114,16,0.02485266621079063,Fernando Llorente,0.04608802218489327,0.7374083549582923,0.0,1137,1104,1120.5
3425,4.396001714495011,4.456320870415308,-0.06031915592029691,572,14,0.31400012246392933,Muniain,0.33722412478162506,4.721137746942751,0.0,79,511,295.0
3428,1.4047096178401262,2.3555479417555034,-0.9508383239153773,740,23,0.061074331210440265,Sergio Asenjo,0.3202542166145037,7.3658469821335855,2.0,1048,555,801.5
3429,2.7545161267044023,3.368841265095398,-0.6143251383909956,1288,35,0.07870046076298293,T. Courtois,0.2960640611492706,10.36224214022447,2.0,975,605,790.0
3431,5.140000095707364,2.9946831529960036,2.1453169427113608,1995,31,0.16580645470023755,João Miranda,0.4481830363472065,13.893674126763402,1.0,497,280,388.5
3433,1.741971780313179,1.3402914686594158,0.40168031165376306,1551,30,0.05806572601043929,D. Godín,0.3825072224805863,11.475216674417588,1.0,1053,397,725.0
3434,4.259965283967555,4.0722156297964975,0.18774965417105705,1491,20,0.21299826419837772,Filipe Luis,0.4168788528732472,8.337577057464944,1.0,287,333,310.0
3436,2.8726532014552504,2.8200841250363737,0.05256907641887665,1003,21,0.13679300959310717,Javi Manquillo,0.3682067272738452,7.732341272750749,1.0,652,431,541.5
3441,7.1441771428436045,6.2540567764882,0.8901203663554043,2055,34,0.21012285714245896,Gabi,0.4889979878764985,16.62593158780095,1.0,300,207,253.5
3443,11.708776326653547,10.723941945856437,0.9848343807971105,2510,35,0.33453646647581564,Koke,0.6025429601128671,21.08900360395035,3.0,57,86,71.5
3447,2.061976264230907,2.17965407401789,-0.11767780978698283,869,17,0.12129272142534747,Juanfran,0.2728963896614411,4.6392386242444985,1.0,755,652,703.5
3451,7.643663585240953,7.581174279385246,0.062489305855706334,1266,30,0.2547887861746984,Adrián López,0.17463227122613073,5.238968136783922,0.0,160,862,511.0
3458,2.023312043165788,2.4560839113546535,-0.4327718681888655,737,24,0.08430466846524116,Sergio Rico,0.2911432134815794,6.987437123557905,2.0,946,618,782.0
3460,5.2942809058586136,4.9014403549954295,0.39284055086318403,932,16,0.33089255661616335,Coke,0.43008683307381784,6.8813893291810855,1.0,62,313,187.5
3463,7.650055976817384,5.680488528334536,1.9695674484828487,2332,34,0.2250016463769819,F. Fazio,0.5596370751500253,19.02766055510086,1.0,240,113,176.5
3464,3.8036072038812563,4.493467939668335,-0.6898607357870787,1255,23,0.1653742262557068,Luna,0.5323023839025581,12.242954829758837,1.0,498,156,327.0
3465,2.451176149654202,1.7288469023769721,0.72232924727723,665,16,0.15319850935338764,Fernando Navarro,0.3504857882081486,5.607772611330377,1.0,565,480,522.5
3466,3.597152092959732,2.777755902381614,0.819396190578118,1034,28,0.12846971760570472,Alexis,0.32328779631661003,9.05205829686508,1.0,705,542,623.5
3468,4.07486364338547,3.4940040630754083,0.5808595803100616,861,20,0.2037431821692735,Juan Cala,0.5960772503656664,11.921545007313329,1.0,329,90,209.5
3470,4.608585916965269,4.855457908630371,-0.24687199166510254,2117,35,0.13167388334186483,Campaña,0.39366843898654674,13.778395364529135,3.0,684,372,528.0
3474,3.7830604082522914,3.6157811442939565,0.16727926395833492,1306,26,0.1455023233943189,Jesús Navas,0.37524585436252494,9.756392213425649,0.0,606,420,513.0
3475,4.702716462747112,5.017563939876773,-0.31484747712966055,1346,25,0.18810865850988448,D. Perotti,0.40399289275889677,10.09982231897242,3.0,389,347,368.0
3476,8.796103599441238,7.518515904277563,1.2775876951636747,2927,35,0.2513172456983211,I. Rakitić,0.5037000733787838,17.629502568257433,1.0,165,186,175.5
3484,14.602745631052606,15.345827308291994,-0.7430816772393882,2292,34,0.4294925185603708,Luis Alberto,0.7184951481507673,24.42883503712609,3.0,26,33,29.5
3496,6.40914672461804,4.409833810175769,1.999312914442271,1298,30,0.21363822415393466,Sergio Postigo,0.4265475462807463,12.79642638842239,1.0,280,318,299.0
3503,5.656648129142992,5.368041139945559,0.288606989197433,1255,34,0.1663720037983233,Raúl García,0.2643897233924294,8.989250595342599,0.0,496,666,581.0
3510,3.0619134585140273,2.5272774933837354,0.5346359651302919,610,17,0.18011255638317808,Timor,0.2864289983333089,4.869292971666252,1.0,428,628,528.0
3519,1.2420592341804877,1.308308124775067,-0.06624889059457928,317,10,0.12420592341804877,Diego López,0.3693568175213865,3.6935681752138647,2.0,732,429,580.5
3523,3.3841807483695447,2.463718921295367,0.9204618270741776,1393,24,0.14100753118206436,F. Lejeune,0.5037234420860488,12.089362610065171,1.0,627,185,406.0
3526,3.1938380447681993,2.839642464532517,0.35419558023568243,1125,15,0.21292253631787997,M. Musacchio,0.6076764826848273,9.11514724027241,1.0,288,81,184.5
3529,8.483954128227197,8.307661933358759,0.17629219486843795,2333,32,0.2651235665070999,Mario,0.45983304965423755,14.714657588935601,1.0,141,259,200.0
3531,2.1289886890444905,1.539043640368618,0.5899450486758724,824,11,0.19354442627677185,C. Zapata,0.4638065951204769,5.101872546325246,1.0,367,254,310.5
3534,4.048185879768804,4.841704893562943,-0.793519013794139,2039,30,0.13493952932562678,Jaume Costa,0.43515087621902454,13.054526286570736,1.0,665,302,483.5
3538,1.2148798042777926,1.8408537467345596,-0.625973942456767,695,21,0.057851419251323456,M. Wakaso,0.3239905228692657,6.8038009802545805,1.0,1054,538,796.0
3539,1.5336181393098087,1.248317609398626,0.2853005299111828,327,14,0.10954415280784348,H. Pérez,0.11753925884297231,1.6455496238016123,0.0,815,967,891.0
3542,6.905415231487208,5.873273757644423,1.0321414738427848,2306,34,0.2031004479849179,Trigueros,0.4502119070130692,15.307204838444353,3.0,331,276,303.5
3543,7.369355466485024,6.1142909687832,1.2550644977018237,2360,36,0.20470431851347287,Borja Valero,0.4140374240400397,14.905347265441428,1.0,324,336,330.0
3554,2.6451263318303972,3.3181586380815133,-0.6730323062511161,798,28,0.09446879756537133,Rubén,0.3445464383684386,9.647300274316281,2.0,887,494,690.5
3560,8.826436581322923,7.87407927645836,0.952357304864563,2097,28,0.3152298779043901,Nacho Monreal,0.4568209748305513,12.790987295255436,1.0,78,267,172.5
3563,10.028866896653549,9.920589643894695,0.10827725275885314,2014,30,0.33429556322178494,Isco,0.48493488433093945,14.548046529928184,3.0,58,219,138.5
3568,3.9274893027783633,3.42959100644172,0.4978982963366434,1342,22,0.17852224103538014,Recio,0.43270941152374937,9.519607053522487,3.0,436,308,372.0
3571,7.7852087054457515,7.2589012584472075,0.526307446998544,1743,35,0.22243453444130717,Joaquín,0.20317213564417053,7.111024747545969,3.0,247,792,519.5
3572,4.898327002221212,3.934950393078342,0.9633766091428697,1326,33,0.14843415158246095,Portillo,0.30921363715099154,10.20405002598272,1.0,594,575,584.5
3576,4.927093607722782,5.436852469691075,-0.5097588619682938,560,30,0.1642364535907594,Juanmi,0.016569642203529637,0.49708926610588905,0.0,502,1176,839.0
3577,4.156648848205805,4.5300356290536,-0.3733867808477953,1227,36,0.1154624680057168,S. Rondón,0.08135031705574815,2.9286114140069333,0.0,786,1051,918.5
3582,2.1956728757359087,3.391046571894549,-1.19537369615864,663,19,0.11556173030188993,Adrián,0.5976876540532726,11.35606542701218,2.0,785,88,436.5
3595,4.416090848233551,4.232879065402783,0.18321178283076733,959,24,0.1840037853430646,Beñat,0.3832651491632219,9.198363579917325,3.0,409,393,401.0
3604,0.18236936556243155,0.17985517959643904,0.0025141859659925103,80,10,0.018236936556243154,Rubén Castro,0.009770441100410199,0.09770441100410199,,1147,1181,1164.0
3605,1.2015020844520705,1.443710592993878,-0.24220850854180753,1225,36,0.0333750579014464,Jorge Molina,0.10677430385636978,3.843874938829312,0.0,1120,987,1053.5
3642,5.130157078965567,4.232925335178152,0.8972317437874153,826,16,0.32063481743534794,Ramis,0.4927123810763248,7.883398097221197,1.0,70,200,135.0
3644,1.5043439279543236,1.194231636240147,0.31011229171417654,721,11,0.1367585389049385,Bigas,0.43469532677693046,4.781648594546235,1.0,653,304,478.5
3645,6.396251331533984,6.3677943444193605,0.02845698711462319,1370,26,0.2460096665974609,Chory Castro,0.46541343235162247,12.100749241142184,3.0,181,248,214.5
3650,4.178491100319661,3.1933838390978053,0.9851072612218559,1302,30,0.13928303667732203,Tomás Pina,0.22728242045519303,6.818472613655791,1.0,644,747,695.5
3657,0.18090035882778466,0.19823846977669746,-0.0173381109489128,292,16,0.011306272426736541,T. Hemed,-0.009080546321120136,-0.14528874113792217,0.0,1157,1196,1176.5
3667,2.700655118445866,2.5257721887901425,0.17488292965572327,1304,17,0.1588620657909333,De La Bella,0.4203512301518252,7.145970912581028,1.0,531,325,428.0
3671,6.467665515723638,5.761148068122566,0.7065174476010725,1928,28,0.2309880541329871,Íñigo Martínez,0.7497081278442532,20.99182757963909,1.0,224,18,121.0
3674,3.364043433102779,2.9619120658608153,0.40213136724196374,580,18,0.1868913018390433,Markel Bergara,0.09394938786750945,1.6910889816151702,1.0,399,1017,708.0
3676,17.326072107282467,16.650921064991504,0.6751510422909632,3172,36,0.48127978075784633,Illarramendi,0.709558383689505,25.54410181282218,3.0,14,36,25.0
3678,4.568581540064633,4.141460355996832,0.42712118406780064,1254,25,0.18274326160258533,Xabi Prieto,0.32760796596759806,8.19019914918995,1.0,414,524,469.0
3680,2.2790084820007905,1.484178745187819,0.7948297368129715,1461,31,0.07351640264518679,Zurutuza,0.20980477873499248,6.503948140784767,1.0,1007,782,894.5
3681,-0.3921515236143023,-0.406885206932202,0.014733683317899704,69,11,-0.035650138510391116,Agirretxe,0.04579187928215751,0.5037106721037327,,1195,1105,1150.0
3682,17.954404601946898,17.465379050703213,0.4890255512436852,1394,32,0.5610751438108406,A. Griezmann,0.2215800428928202,7.090561372570247,3.0,6,758,382.0
3685,1.3257476359363645,1.2733707913653924,0.052376844570972025,297,13,0.10198058737972035,C. Vela,0.2148457195594394,2.7929943542727123,0.0,849,770,809.5
3692,3.152395987533964,1.1231434860965237,2.0292525014374405,1504,34,0.0927175290451166,Bernardo Espinosa,0.3514871006304068,11.95056142143383,1.0,904,476,690.0
3695,3.1171662609558553,1.8592026421101764,1.2579636188456789,1841,33,0.09445958366532894,Álvaro González,0.4472651432214432,14.759749726307625,1.0,888,282,585.0
3704,1.2868763427250087,0.9889680191408843,0.29790832358412445,697,20,0.06434381713625044,P. Diop,0.25560659549429315,5.112131909885863,1.0,1039,685,862.0
3705,4.241150411161341,3.1169072311266586,1.1242431800346822,1341,29,0.1462465659021152,Adrián,0.24007758016037142,6.962249824650772,1.0,604,718,661.0
3708,-0.11545541509985924,-0.40069076081272215,0.2852353457128629,220,11,-0.010495946827259931,Jairo Samperio,0.08286871526543985,0.9115558679198383,0.0,1181,1044,1112.5
3710,1.404054483549841,1.3937860943024831,0.010268389247357845,408,29,0.04841567184654624,K. Babacar,0.0033603733776101916,0.09745082795069555,0.0,1079,1186,1132.5
3714,9.548217561890967,9.874723891591318,-0.32650632970035076,731,33,0.2893399261179081,C. Stuani,0.02452068478363293,0.8091825978598867,0.0,111,1162,636.5
3719,3.4576954273507,4.880944979842752,-1.4232495524920523,1117,34,0.10169692433384411,Roberto,0.5477325890391564,18.62290802733132,2.0,851,133,492.0
3735,1.7978413469390944,1.6977727815974504,0.10006856534164399,542,10,0.17978413469390944,Juankar,0.4895348585899756,4.895348585899756,1.0,430,205,317.5
3736,0.4416976181091741,0.34246596798766404,0.09923165012151003,251,11,0.040154328919015825,F. Zuculini,0.04454963361821037,0.49004596980031406,0.0,1106,1110,1108.0
3750,1.6749240161152557,1.746302444837056,-0.07137842872180045,1014,18,0.09305133422862531,Balenziaga,0.33305704490426746,5.995026808276815,1.0,900,518,709.0
3779,-0.23421922128181905,-0.3412005063146353,0.10698128503281623,132,11,-0.02129265648016537,Bueno,0.0684791639393559,0.7532708033329149,0.0,1188,1068,1128.0
3785,1.3184979709330946,0.9182691450696439,0.40022882586345077,309,10,0.13184979709330946,Kiko Casilla,0.17686740580778998,1.7686740580778997,2.0,682,857,769.5
3788,1.85046824417077,2.1305145177757367,-0.2800462736049667,1832,25,0.0740187297668308,Jordi Amat,0.3660116513357158,9.150291283392894,1.0,1003,439,721.0
3791,4.631535354303196,4.087713351589628,0.5438220027135685,1046,15,0.3087690236202131,Z. Feddal,0.5923676002208976,8.885514003313464,1.0,84,93,88.5
3795,2.0057305295486003,1.8507776920450851,0.15495283750351518,812,13,0.15428696381143078,H. Moreno,0.4421961352452478,5.748549758188221,1.0,558,287,422.5
3797,3.0717799234259875,3.467425828944892,-0.39564590551890433,1778,30,0.10239266411419959,Víctor Sánchez,0.524417678107527,15.732530343225813,1.0,847,167,507.0
3798,0.8093093857103959,0.6560398922236637,0.15326949348673224,581,14,0.05780781326502828,Dídac Vilá,0.25962736597875286,3.63478312370254,1.0,1055,675,865.0
3802,18.309035019144417,18.802953538262287,-0.49391851911786944,2169,32,0.572157344348263,Philippe Coutinho,0.5485914022250479,17.554924871201532,3.0,4,129,66.5
3803,6.188064270697534,5.046901375914924,1.1411628947826102,1921,35,0.17680183630564383,Sergi Darder,0.40080474595795923,14.028166108528573,1.0,444,358,401.0
3806,1.4554487036075443,1.6402351655997336,-0.1847864619921893,788,14,0.10396062168625317,Javi López,0.34085484437538377,4.771967821255373,1.0,839,503,671.0
3816,4.114885670831427,4.256046695052646,-0.14116102422121912,695,33,0.1246935051767099,Sergio García,0.1253373171425559,4.136131465704344,0.0,729,955,842.0
3821,1.9507513211574405,2.2220988352783024,-0.2713475141208619,693,17,0.11475007771514356,Sergio Álvarez,0.3855822913217623,6.5548989524699595,2.0,791,387,589.0
3822,1.612333909375593,2.566809503012337,-0.9544755936367437,905,22,0.07328790497161787,Rubén Blanco,0.4871370159494029,10.717014350886863,2.0,1009,210,609.5
3827,6.138069486478344,6.477126135840081,-0.3390566493617371,2680,34,0.18053145548465716,Hugo Mallo,0.5510199196084856,18.73467726668851,1.0,425,123,274.0
3828,3.281631445745006,2.1548871602863073,1.1267442854586989,1457,20,0.16408157228725032,Raúl Navas,0.5343792366945472,10.687584733890946,1.0,505,151,328.0
3840,19.153201596987607,19.14875460631604,0.004446990671567619,1771,34,0.5633294587349296,Iago Aspas,0.2410268510066464,8.194912934225977,3.0,5,715,360.0
3843,2.4375876149693503,2.675704666862264,-0.23811705189291388,786,17,0.14338750676290296,F. Orellana,0.1497862979818105,2.5463670656907786,3.0,616,909,762.5
3856,0.40584172983653843,1.0271624815650284,-0.62132075172849,376,10,0.04058417298365384,Molinero,0.2971291849394079,2.9712918493940785,1.0,1104,602,853.0
3866,3.1028772567482665,1.6899115092204884,1.4129657475277781,845,20,0.15514386283741333,M. Iturra,0.23123183382791482,4.624636676558296,1.0,549,738,643.5
3874,4.049756612512283,4.192404696252197,-0.142648083739914,1032,35,0.11570733178606522,Kike García,-0.010179406134827611,-0.3562792147189664,0.0,783,1198,990.5
3875,-0.7817155540069043,-0.8672743570604771,0.08555880305357277,335,20,-0.039085777700345214,Borja Bastón,0.014244790551864358,0.28489581103728717,0.0,1197,1179,1188.0
3885,2.4117774040205404,1.8753029130166396,0.5364744910039008,567,13,0.1855213387708108,L. Cabrera,0.6415632051664086,8.340321667163312,1.0,402,63,232.5
3915,2.316858711768873,1.969991973019205,0.346866738749668,784,27,0.08580958191736567,K. Navas,0.18689106370805286,5.046058720117427,2.0,937,837,887.0
3916,4.453289808239788,2.628850369830616,1.824439438409172,1481,25,0.17813159232959153,G. Cabral,0.3849617400837708,9.62404350209427,1.0,438,389,413.5
3920,2.9688199477968737,3.0839198828907683,-0.1150999350938946,1014,22,0.13494636126349427,Pedro López,0.3759985078928461,8.271967173642615,1.0,664,416,540.0
3928,5.036275829421356,3.961850230465643,1.0744255989557132,1071,19,0.26506714891691346,Vicente Iborra,0.22709348082789652,4.314776135730034,1.0,142,748,445.0
3934,3.831792590402067,3.6591671200776474,0.17262547032441944,989,30,0.1277264196800689,N. El Zhar,0.1979791582655625,5.939374747966875,0.0,712,802,757.0
3937,1.5577316035942435,1.5774266201497316,-0.01969501655548811,320,17,0.09163127079966138,Roger,0.11013682041114306,1.872325946989432,0.0,909,983,946.0
3963,4.818899398786016,6.760801752097905,-1.9419023533118889,1266,35,0.13768283996531475,Cuéllar,0.7706338227923474,26.972183797732157,2.0,649,14,331.5
3970,3.8172099025687203,4.030189746059477,-0.21297984349075705,1440,22,0.17350954102585092,Gálvez,0.5542049462610588,12.192508817743294,1.0,462,116,289.0
3974,8.966834511930124,9.55269487641845,-0.585860364488326,2121,33,0.27172225793727645,D. Suárez,0.7003315472118865,23.110941057992253,3.0,133,41,87.0
4009,1.44239491969347,0.8410766925662756,0.6013182271271944,623,19,0.07591552208913,M. Lacen,0.148401395638814,2.8196265171374657,1.0,993,914,953.5
4013,6.296028738197871,4.979113438920118,1.3169152992777526,1884,31,0.20309770123218937,Rubén Pérez,0.5164721457825364,16.01063651925863,1.0,333,174,253.5
4014,1.4533286595977843,1.6878269870793448,-0.2344983274815604,594,12,0.12111072163314869,Pedro León,0.707089649097996,8.485075789175951,3.0,758,37,397.5
4015,8.713602656964891,8.069242334808902,0.6443603221559897,1591,34,0.25628243108720267,Pablo Sarabia,0.3453201571894941,11.7408853444428,3.0,157,490,323.5
4048,1.5476591271581128,1.5211600245675072,0.026499102590605617,554,19,0.08145574353463751,Sergi Enrich,-0.05077862931123786,-0.9647939569135193,0.0,958,1205,1081.5
4065,1.6951057281112298,1.4486036938615143,0.2465020342497155,910,17,0.09971210165360175,J. Murillo,0.3508004019700052,5.963606833490089,1.0,865,479,672.0
4086,1.9579221946187317,1.754505806369707,0.20341638824902475,755,14,0.1398515853299094,Bóveda,0.3911777909021829,5.476489072630561,1.0,639,376,507.5
4094,6.352417306625284,6.603185181040317,-0.25076787441503257,1889,32,0.19851304083204013,Ander Capa,0.5392851084037847,17.25712346892111,1.0,348,143,245.5
4131,10.111252993317999,10.30936525433392,-0.19811226101592183,702,33,0.30640160585812115,Ángel,0.07859677521092434,2.5936935819605034,0.0,86,1054,570.0
4180,1.9808891742723063,1.950960423098877,0.02992875117342919,557,13,0.15237609032863894,Lombán,0.44999759291809366,5.849968707935218,1.0,570,277,423.5
4238,3.6632216651923954,3.320635533076711,0.34258613211568445,1459,28,0.1308293451854427,Míchel,0.29820068096082547,8.349619066903113,1.0,688,600,644.0
4255,0.8676088083302602,0.8936797314090654,-0.026070923078805208,171,14,0.06197205773787573,L. Ulloa,0.019054371942104353,0.26676120718946095,0.0,1046,1168,1107.0
4256,1.5711165937148035,1.5239533312171698,0.047163262497633696,320,15,0.10474110624765356,Aleix Vidal,0.03384523004317652,0.5076784506476478,1.0,836,1140,988.0
4272,2.687514065997675,3.2120079192100093,-0.5244938532123342,1731,31,0.08669400212895725,Ximo Navarro,0.3815837768244374,11.82909708155756,1.0,933,400,666.5
4278,6.359834135318175,5.7865111880647015,0.5733229472534731,1840,37,0.17188740906265337,Borja García,0.29191020523487926,10.800677593690532,3.0,473,615,544.0
4303,5.815732995863073,5.152531266445294,0.6632017294177786,2389,37,0.15718197286116412,David López,0.5300280788579823,19.611038917745343,1.0,536,160,348.0
4332,2.462269139592536,1.3121857038931921,1.1500834356993437,1153,27,0.09119515331824207,Javi Fuego,0.21043895103755986,5.681851678014116,1.0,911,779,845.0
4338,2.2442160742357373,2.434306730167009,-0.1900906559312716,489,15,0.14961440494904915,Diego Costa,0.046330545712773175,0.6949581856915976,0.0,591,1103,847.0
4343,0.1471884528677911,0.26674263677932325,-0.11955418391153216,127,10,0.014718845286779109,Dani Pacheco,0.11730860448408524,1.1730860448408524,3.0,1154,968,1061.0
4348,0.9379362204344943,1.1499188477173448,-0.21198262728285044,383,13,0.07214894003342263,M. Barbosa,0.29910631586755043,3.8883821062781556,2.0,1017,597,807.0
4350,1.1413032771088183,0.9496963531710207,0.19160692393779755,417,11,0.10375484337352893,Raúl Lizoáin,0.1507981399032637,1.6587795389359008,2.0,841,907,874.0
4355,2.4152220849646255,1.9657714696368203,0.4494506153278053,579,11,0.21956564408769322,David García,0.4939150895726609,5.43306598529927,1.0,260,198,229.0
4358,4.493412405834533,3.9797008015448228,0.5137116042897105,760,17,0.26431837681379605,Laguardia,0.5335765479411482,9.07080131499952,1.0,144,152,148.0
4360,9.292555665946566,7.051040709717199,2.2415149562293664,1671,34,0.27331046076313426,Juanpe,0.46536394802652836,15.822374232901964,1.0,132,250,191.0
4361,1.8024280222598463,1.5479219924891368,0.2545060297707096,1232,23,0.0783664357504281,Javi Castellano,0.17796664821595146,4.0932329089668835,1.0,977,853,915.0
4362,0.6604223181102424,0.7568388474946841,-0.09641652938444167,472,13,0.050801716777710955,Momo,0.23067423969923617,2.99876511609007,3.0,1072,740,906.0
4363,0.7515215175226331,-0.04029467795044184,0.7918161954730749,1064,25,0.03006086070090532,Vicente Gómez,0.13079868400518238,3.2699671001295596,1.0,1123,946,1034.5
4365,1.6165097955930978,1.25943975703232,0.3570700385607779,867,18,0.0898060997551721,Roque Mesa,0.17721893022498333,3.1899407440497,1.0,915,855,885.0
4371,2.9431853618007153,2.788128696847707,0.1550566649530083,1404,24,0.12263272340836313,Dani Castellano,0.36571574525069167,8.7771778860166,1.0,741,440,590.5
4375,2.359349452246912,2.417025366736576,-0.05767591448966414,936,23,0.10258041096725704,Vitolo,0.15542439314726506,3.5747610423870966,0.0,845,900,872.5
4379,8.940074400127106,9.073441429145806,-0.13336702901870012,1897,23,0.3886988869620481,Jonathan Viera,0.6563413620425954,15.095851326979695,3.0,34,55,44.5
4424,7.670779947889969,7.334050588775426,0.3367293591145426,2656,36,0.21307722077472135,Jonny,0.36220247792570004,13.039289205325202,1.0,285,447,366.0
4440,1.9605936737498268,1.9700474315322936,-0.00945375778246671,215,16,0.12253710460936418,Borja Valle,0.055587000730205956,0.8893920116832953,0.0,742,1090,916.0
4488,6.209104112931527,4.103774752002209,2.1053293609293178,2343,36,0.17247511424809797,Saúl,0.32928469887630474,11.85424915954697,1.0,466,522,494.0
4498,6.402750016590581,6.251419123429805,0.1513308931607753,1300,33,0.19402272777547214,Lucas Vázquez,0.18476407206558249,6.097214378164222,0.0,364,838,601.0
4501,3.7074705831473693,4.673083239700645,-0.9656126565532759,2249,25,0.14829882332589478,Daniel Carvajal,0.3681119060040217,9.202797650100543,1.0,596,433,514.5
4511,2.498783724553883,1.8539992129048333,0.6447845116490498,940,23,0.10864277063277752,Pedro Mosquera,0.35299529189031953,8.11889171347735,1.0,820,470,645.0
4513,2.5680220044450834,2.259964443044737,0.30805756140034646,531,24,0.10700091685187847,D. Cheryshev,0.21631529022392046,5.191566965374091,0.0,830,767,798.5
4593,0.8574954539071769,0.6395742612658069,0.21792119264137,513,25,0.034299818156287076,Sergio Mora,0.10656542460003872,2.664135615000968,1.0,1118,988,1053.0
4683,1.0265643617005349,0.9044716696354822,0.12209269206505269,477,13,0.0789664893615796,A. Szymanowski,0.17385748743769136,2.260147336689988,0.0,974,863,918.5
4780,3.4806372897904367,3.513572410421446,-0.03293512063100934,787,14,0.24861694927074549,David Juncà,0.6445137578289587,9.023192609605422,1.0,176,61,118.5
4792,0.6618795844260603,0.7889151482377201,-0.1270355638116598,444,12,0.05515663203550503,Patric,0.1899038013845177,2.2788456166142126,1.0,1065,827,946.0
4805,6.625654158059508,6.790163253311068,-0.1645090952515602,2008,29,0.22847083303653476,Arbilla,0.7415392817022736,21.504639169365934,1.0,232,24,128.0
4879,1.1054616202954204,1.068472158082761,0.03698946221265942,311,10,0.11054616202954204,Carles Gil,0.12873920584811938,1.2873920584811938,0.0,811,949,880.0
4892,5.133715893724002,4.603523543919437,0.5301923498045653,2098,34,0.1509916439330589,José Gayá,0.38446141195444944,13.07168800645128,1.0,579,391,485.0
4908,2.3016535772960633,1.9147484045727179,0.38690517272334546,1136,16,0.14385334858100396,Alberto Moreno,0.4000273114618973,6.400436983390357,1.0,611,361,486.0
4911,1.6801547586154193,1.3912261298326776,0.2889286287827417,1070,24,0.07000644827564247,Jozabed,0.23407199410988724,5.617727858637294,1.0,1024,730,877.0
4936,1.8735292834462598,1.548882748465985,0.32464653498027474,656,11,0.17032084394966,David Simón,0.30911827689402915,3.4003010458343206,1.0,480,577,528.5
4969,3.2476972886286677,2.9357343573281542,0.31196293130051345,1000,24,0.13532072035952783,Tana,0.18320185796949995,4.396844591267999,3.0,660,843,751.5
5147,0.5404628216056153,0.5475873947143555,-0.007124573108740151,211,14,0.03860448725754395,Choco Lozano,0.09611553155905996,1.3456174418268394,0.0,1111,1014,1062.5
5195,1.6861109157772736,1.6692760386951269,0.016834877082146704,751,23,0.0733091702511858,Omar Ramos,0.25698478669217834,5.910650093920102,3.0,1008,679,843.5
5268,6.390516093261287,6.869531381553717,-0.47901528829243034,616,31,0.20614568042778345,Sergio León,0.06108844498319771,1.893741794479129,0.0,318,1078,698.0
5281,5.296163338818587,4.432591284625232,0.8635720541933551,1415,29,0.18262632202822715,A. Nyom,0.37386125860408737,10.841976499518534,1.0,415,424,419.5
5290,1.0623116142200306,0.5553536201445386,0.506957994075492,715,16,0.06639447588875191,Mikel Rico,0.16767409886772386,2.6827855818835817,1.0,1035,878,956.5
5383,1.3271077531389892,2.1834248745581135,-0.8563171214191243,754,12,0.11059231276158243,Toño,0.5419420897187331,6.503305076624797,1.0,810,139,474.5
5400,11.275258135228842,11.300864271881483,-0.025606136652641,1724,38,0.29671731934812745,Gerard Moreno,0.23415224677667007,8.897785377513463,0.0,104,729,416.5
5472,7.225502081564628,5.675438048434444,1.5500640331301838,1867,36,0.20070839115457298,Luis Hernández,0.5303053912300061,19.09099408428022,1.0,342,158,250.0
5481,2.3783808777534663,2.358562186915174,0.01981869083829224,532,22,0.10810822171606665,Guerrero,-0.016562573139363865,-0.364376609066005,0.0,823,1201,1012.0
5542,3.7684834513347596,2.85645915416535,0.9120242971694097,2053,32,0.11776510785421124,Dani García,0.3627942952848673,11.609417449115753,1.0,773,446,609.5
5653,1.168010461027734,1.365333197871223,-0.1973227368434891,525,14,0.08342931864483814,M. Mantovani,0.22134838156323136,3.098877341885239,1.0,952,759,855.5
5677,1.1296743552666157,0.35983123956248164,0.7698431157041341,530,18,0.06275968640370087,Bruno,0.26143941534252196,4.705909476165395,1.0,1043,673,858.0
5791,0.2907792887156829,0.22032726378832013,0.0704520249273628,317,16,0.018173705544730183,Juanpi,0.05713060446571085,0.9140896714513737,3.0,1148,1086,1117.0
5911,-0.9050910853939131,-0.92231211035233,0.01722102495841682,498,21,-0.04309957549494824,Sandro,0.07548085416621858,1.5850979374905902,0.0,1199,1060,1129.5
6165,2.1575973359595313,2.601455985191956,-0.4438586492324248,603,29,0.07439990813653556,F. Andone,0.03018676180606568,0.8754160923759047,0.0,1000,1151,1075.5
6210,3.3429982967697605,3.5595606497278958,-0.2165623529581353,1425,31,0.1078386547345084,Aday,0.30073640638118637,9.322828597816777,0.0,824,592,708.0
6281,5.695928010391071,6.490654043387622,-0.7947260329965502,1667,30,0.18986426701303571,Zaldúa,0.4374130850096841,13.122392550290524,1.0,384,294,339.0
6365,3.459944491041824,3.3125873318640515,0.1473571591777727,921,20,0.1729972245520912,Bustinza,0.29435704832542275,5.887140966508455,1.0,463,609,536.0
6370,4.118847427616827,4.634262144176289,-0.5154147165594622,1143,33,0.12481355841263111,Eraso,0.1622723065185057,5.3549861151106875,3.0,728,890,809.0
6513,3.5956644959608095,3.8290931761823597,-0.23342868022155017,874,19,0.18924549978741104,Raúl García,0.5940025283820108,11.286048039258207,3.0,386,92,239.0
7302,3.0287227944936603,2.150873472332023,0.8778493221616372,967,20,0.151436139724683,Albentosa,0.4288810472180997,8.577620944361994,1.0,575,314,444.5
7585,3.025804652079433,2.540978236767888,0.48482641531154513,1358,30,0.10086015506931444,Manu García,0.254181094885416,7.62543284656248,1.0,854,689,771.5
7623,7.287423887872137,6.837299152626656,0.45012473524548113,1162,36,0.20242844132978158,Léo Baptistão,0.11247700701443916,4.04917225251981,0.0,337,979,658.0
7847,4.370943026035093,4.802185451728292,-0.43124242569319904,1378,38,0.1150248164746077,Ł. Fabiański,0.5449445038294635,20.70789114551961,2.0,790,136,463.0
7849,0.7836125151952729,1.1498391582863405,-0.36622664309106767,499,17,0.04609485383501605,W. Szczęsny,0.1548056676508576,2.6316963500645794,2.0,1092,901,996.5
7853,4.130712294239551,3.6331875407937915,0.4975247534457594,1784,33,0.12517309982544095,K. Gibbs,0.3764056493185919,12.421386427513532,1.0,726,411,568.5
7855,5.772607201361097,4.765388124855235,1.0072190765058622,2040,25,0.2309042880544439,L. Koscielny,0.5644683308664478,14.111708271661193,1.0,225,110,167.5
7857,2.200601520598866,1.3412207862129435,0.8593807343859226,1004,20,0.1100300760299433,Miquel,0.5214824840720346,10.429649681440692,1.0,813,171,492.0
7858,3.3365175207694993,3.198449619518593,0.1380679012509063,900,13,0.2566551939053461,B. Sagna,0.2719139957176917,3.534881944329992,1.0,156,656,406.0
7860,0.803877147147432,0.8664270550943911,-0.06254990794695914,725,14,0.05741979622481657,T. Vermaelen,0.2815989022652356,3.9423846317132987,1.0,1057,640,848.5
7864,1.816212008940056,1.5506516499444842,0.26556035899557173,539,16,0.1135132505587535,F. Coquelin,0.14696209388777037,2.351393502204326,1.0,796,916,856.0
7868,7.347464185391553,7.19831261313241,0.149151572259143,1316,35,0.20992754815404438,A. Oxlade-Chamberlain,0.3037118698011571,10.629915443040499,3.0,302,590,446.0
7870,7.1342337630921975,6.754214760265313,0.3800190028268844,1579,24,0.29725974012884154,A. Ramsey,0.37314913533951605,8.955579248148386,1.0,102,426,264.0
7873,3.8217750937296078,3.581799242584035,0.23997585114557296,1055,20,0.1910887546864804,J. Wilshere,0.3362167211423662,6.724334422847324,0.0,377,512,444.5
7879,4.974950797438622,4.315425054917112,0.6595257425215095,548,20,0.24874753987193107,T. Walcott,0.21353196872134853,4.27063937442697,0.0,175,777,476.0
7882,3.8294715107185766,3.1372640489134938,0.6922074618050829,1185,34,0.11263151502113461,P. Čech,0.3156641972818826,10.732582707584008,2.0,801,562,681.5
7885,5.597518476381898,5.842972497529351,-0.2454540211474523,2389,35,0.15992909932519708,R. Bertrand,0.48841612973949794,17.094564540882427,1.0,524,209,366.5
7887,3.17280826671049,2.1220075107412413,1.0508007559692487,1573,27,0.1175114172855737,G. Cahill,0.37326121205957213,10.078052725608448,1.0,775,425,600.0
7892,2.21886233240366,1.8457779040327296,0.37308442837093025,608,10,0.221886233240366,David Luiz,0.5300909244004036,5.300909244004036,1.0,248,159,203.5
7899,7.260701043182053,5.007243984611705,2.2534570585703477,2283,34,0.21355003068182507,Oriol Romeu,0.36504509321560746,12.411533169330653,1.0,281,443,362.0
7905,10.914241959895685,10.817178333732977,0.0970636261627078,1009,34,0.32100711646752017,R. Lukaku,0.15841963000390452,5.386267420132754,0.0,69,897,483.0
7906,5.107717146982439,4.527398362408392,0.5803187845740467,1540,28,0.18241846953508709,Juan Mata,0.3190386250272493,8.93308150076298,3.0,416,558,487.0
7907,1.327231282601133,1.4277088432572782,-0.10047756065614522,239,15,0.0884820855067422,D. Sturridge,0.07734154238861993,1.160123135829299,0.0,923,1056,989.5
7908,2.2692830883625223,2.30084436570362,-0.03156127734109759,358,27,0.08404752179120453,Fernando Torres,0.059823625758206996,1.615237895471589,0.0,949,1080,1014.5
7910,3.349864925025031,4.275513437110931,-0.9256485120858997,1200,37,0.09053688986554138,David de Gea,0.4039527955126979,14.946253433969822,2.0,913,348,630.5
7914,5.315973924938589,4.37466900178697,0.9413049231516197,1323,28,0.18985621160494962,J. Evans,0.3586466368004804,10.042105830413451,1.0,385,458,421.5
7918,3.2165784302633256,1.7873903976287693,1.4291880326345563,1313,23,0.13985123609840547,P. Jones,0.323199704492461,7.433593203326603,1.0,640,543,591.5
7919,3.6892267004586756,1.8985082698054612,1.7907184306532145,1512,30,0.12297422334862253,M. Keane,0.46537303531727453,13.961191059518235,1.0,738,249,493.5
7922,6.7084969823481515,4.486636289511807,2.2218606928363442,1379,29,0.23132748214993626,C. Smalling,0.2276544476016506,6.601978980447868,1.0,222,745,483.5
7926,2.8530048723621295,2.912779619364068,-0.05977474700193852,275,18,0.15850027068678496,Nani,0.08685855235759136,1.5634539424366445,3.0,533,1037,785.0
7929,4.72817724168089,4.227142747773535,0.5010344939073548,1451,23,0.20557292355134305,T. Cleverley,0.5033063316243042,11.576045627358996,3.0,321,187,254.0
7932,4.776588578795083,3.698108456067741,1.078480122727342,1303,27,0.1769106881035216,D. Fletcher,0.36053878553244173,9.734547209375927,1.0,442,453,447.5
7934,7.939347650948912,7.336640173546039,0.6027074774028733,1293,33,0.24058629245299734,J. Lingard,0.11230313432838222,3.706003432836613,0.0,196,980,588.0
7936,11.501652724575251,10.852671730681323,0.6489809938939288,2208,27,0.42598713794723153,P. Pogba,0.6999301225378971,18.89811330852322,0.0,27,42,34.5
7938,9.6743499066215,8.87955220171716,0.7947977049043402,2402,31,0.3120758034394033,A. Valencia,0.3865889018663093,11.984255957855588,1.0,82,383,232.5
7939,9.23922872879263,8.841622759454884,0.3976059693377465,2117,29,0.3185940940962976,A. Young,0.6904289072149535,20.022438309233653,1.0,75,45,60.0
7941,6.778472567614168,6.886984084671363,-0.1085115170571953,538,27,0.2510545395412655,J. Hernández,0.05879529554231229,1.5874729796424318,0.0,167,1082,624.5
7944,7.415028404011734,6.9708476374255195,0.4441807665862143,1570,31,0.2391944646455398,W. Rooney,0.3231325920115712,10.017110352358706,3.0,198,544,371.0
7945,3.0313271544873714,2.9956604533363134,0.03566670115105808,603,28,0.1082616840888347,D. Welbeck,0.016676462052769937,0.46694093747755827,0.0,821,1174,997.5
7949,3.4594057832146063,2.742096729693003,0.7173090535216033,1281,37,0.09349745360039477,Pepe Reina,0.17818299787329056,6.592770921311751,2.0,894,852,873.0
7958,1.6449898309074342,0.9121099112089723,0.7328799196984619,507,15,0.10966598872716228,M. Kelly,0.3671067832467275,5.506601748700913,1.0,814,437,625.5
7961,0.31801241444025935,0.4393259105838165,-0.12131349614355713,372,11,0.028910219494569032,C. Adam,0.4923722900219858,5.416095190241844,3.0,1130,202,666.0
7964,6.397199235487729,5.817691788989119,0.5795074464986101,2395,27,0.23693330501806406,J. Henderson,0.6813900267801877,18.397530723065067,1.0,209,48,128.5
7965,9.90202217216976,7.952975938617252,1.949046233552508,2509,36,0.27505617144916,Lucas Leiva,0.5095029045312197,18.34210456312391,1.0,130,180,155.0
7967,9.8594465417834,8.999203890473582,0.860242651309818,1794,30,0.32864821805944666,J. Shelvey,0.7746546232518674,23.23963869755602,3.0,64,13,38.5
7970,1.2723096768604591,1.4430532376281917,-0.17074356076773256,340,16,0.0795193548037787,A. Carroll,0.042035464079382814,0.672567425270125,0.0,970,1117,1043.5
7972,16.12273398137626,16.91171663105928,-0.788982649683021,1549,33,0.4885676964053412,L. Suárez,0.23102445915618186,7.623807152154002,3.0,13,739,376.0
7974,2.0650039641186595,2.9135070466436446,-0.8485030825249851,597,16,0.12906274775741622,R. Elliot,0.6135482243131948,9.816771589011116,2.0,701,77,389.0
7978,2.649217696976848,2.4386035636998713,0.21061413327697664,987,20,0.1324608848488424,P. Dummett,0.4250543015807683,8.501086031615365,1.0,675,321,498.0
7982,0.9796779869357124,1.3014757810160518,-0.32179779408033937,699,15,0.06531186579571416,D. Santon,0.2880191398348044,4.320287097522066,1.0,1036,626,831.0
7988,6.92555171862524,6.028343528334982,0.8972081902902573,1796,31,0.22340489414920128,Y. Cabaye,0.5148051468564302,15.958959552549334,3.0,244,175,209.5
7989,4.5114235763289035,3.5204577243970707,0.9909658519318327,1352,28,0.16112227058317513,D. Gosling,0.2954325801239981,8.272112243471947,1.0,521,606,563.5
8004,3.937551539391279,2.9464401461882517,0.9911113932030275,967,20,0.19687757696956396,C. Clark,0.4678555448192065,9.35711089638413,1.0,355,245,300.0
8005,1.9068297410849482,1.5484626026591286,0.3583671384258196,549,13,0.1466792108526883,J. Collins,0.3993782873074777,5.19191773499721,1.0,601,363,482.0
8013,6.53072238127701,6.423817850262858,0.10690453101415187,1700,34,0.19208007003755911,M. Albrighton,0.6105376928824223,20.75828155800236,3.0,371,78,224.5
8032,8.087125550839119,7.609355299267918,0.4777702515712008,2114,33,0.24506441063148846,Marcos Alonso,0.1697070618103905,5.600333039742886,1.0,184,873,528.5
8086,5.6059057612437755,3.355813752976246,2.2500920082675293,2219,36,0.15571960447899377,D. Stephens,0.3444373358368948,12.399744090128213,1.0,544,495,519.5
8094,5.241786795551889,7.155076170922257,-1.9132893753703684,1425,35,0.14976533701576825,J. Butland,0.8264829648121964,28.926903768426875,2.0,588,10,299.0
8116,3.923656131693162,3.493145261861384,0.4305108698317781,1255,31,0.1265695526352633,N. Redmond,0.2163657868247066,6.707339391565905,0.0,719,766,742.5
8125,6.6987762582656,4.64204282173235,2.05673343653325,2018,38,0.17628358574383157,J. Cork,0.2804252747194363,10.65616043933858,1.0,449,641,545.0
8135,1.172732071232982,0.9506005331445485,0.22213153808843344,721,11,0.10661200647572565,L. Shaw,0.3380255161167532,3.718280677284285,1.0,831,510,670.5
8136,5.243503764155321,3.927376734907739,1.316127029247582,1276,22,0.23834108018887823,J. Stephens,0.5272290990539513,11.599040179186929,1.0,200,163,181.5
8140,0.0907170300455764,0.053152006407268346,0.03756502363830805,287,12,0.007559752503798033,A. Lallana,0.06195026090536282,0.7434031308643538,0.0,1161,1075,1118.0
8142,0.4024176758956164,0.6916796623971313,-0.2892619865015149,343,10,0.04024176758956164,J. Puncheon,0.17582166829987084,1.7582166829987085,3.0,1105,860,982.5
8143,3.096558438484557,2.191984102931805,0.904574335552752,1438,30,0.10321861461615191,M. Schneiderlin,0.23823168480376236,7.146950544112871,1.0,843,720,781.5
8144,4.912810052965768,4.983200008852408,-0.07038995588663965,1120,30,0.16376033509885893,J. Ward-Prowse,0.3243425546981201,9.730276640943604,3.0,507,535,521.0
8148,14.80735724555701,14.720355708118529,0.08700153743848205,1859,37,0.4001988444745138,Iago Falqué,0.29472862039099357,10.904958954466762,3.0,31,607,319.0
8186,1.9562245744746178,1.077483611064963,0.8787409634096548,760,17,0.11507203379262458,S. Dann,0.40161878201896495,6.827519294322404,1.0,789,354,571.5
8192,3.1545973928878084,3.971687641693279,-0.8170902488054708,1991,36,0.08762770535799468,M. Olsson,0.46928456902606225,16.89424448493824,1.0,928,242,585.0
8200,5.6645072845276445,3.572735439869575,2.0917718446580693,2055,27,0.20979656609361647,S. N'Zonzi,0.3518261252372021,9.499305381404456,1.0,303,475,389.0
8221,2.6447743439348415,2.5711389259668067,0.07363541796803474,1170,19,0.13919864968078113,J. Ward,0.5736797312170394,10.899914893123748,1.0,645,102,373.5
8239,4.71152160258168,5.019943866293371,-0.3084222637116909,1176,22,0.21416007284462182,L. Baines,0.45882489212373245,10.094147626722114,1.0,277,261,269.0
8240,1.453261224203743,1.5056342207826674,-0.05237299657892436,708,12,0.12110510201697859,S. Coleman,0.4871233694813791,5.845480433776549,1.0,759,211,485.0
8242,2.583512985962443,0.14110467047430575,2.4424083154881373,1824,37,0.06982467529628225,S. Duffy,0.35022071794347887,12.958166563908717,1.0,1027,481,754.0
8245,3.708507346920669,2.5132358458358794,1.1952715010847896,1275,25,0.14834029387682676,P. Jagielka,0.49714900073530777,12.428725018382695,1.0,595,195,395.0
8249,3.6725034286500886,3.2217710005352274,0.45073242811486125,477,15,0.2448335619100059,M. Fellaini,0.08530148460125145,1.2795222690187718,1.0,187,1039,613.0
8266,3.3118680433835834,3.9726013315375894,-0.660733288154006,830,24,0.1379945018076493,Gomes,0.5381720434727593,12.916129043346222,2.0,648,144,396.0
8277,6.766227391781285,7.158263142453507,-0.3920357506722212,3061,32,0.21144460599316517,K. Walker,0.4370332153136741,13.985062890037572,1.0,293,295,294.0
8278,13.634510037345558,13.64014924768892,-0.005639210343360901,1104,26,0.5244042322055984,G. Bale,0.19010708064837603,4.9427840968577765,0.0,9,825,417.0
8284,1.3925955469021574,0.49823401600588113,0.8943615308962762,795,29,0.04802053610007439,A. Lennon,0.07369784571169077,2.1372375256390326,0.0,1081,1063,1072.0
8285,5.844917783568613,4.586435390109196,1.258482393459417,1455,34,0.17190934657554746,J. Livermore,0.2512777120382427,8.54344220930025,1.0,472,698,585.0
8287,6.497471703141928,6.066033928464167,0.4314377746777609,1894,26,0.24990275781315108,L. Modrić,0.6159130321534635,16.01373883599005,1.0,172,75,123.5
8290,2.4476731154583393,2.3441584520488976,0.10351466340944171,541,14,0.17483379396130996,A. Pritchard,0.29421859409037804,4.119060317265292,3.0,460,610,535.0
8291,2.67304602713231,1.5217421325473115,1.1513038945849985,904,14,0.19093185908087928,Sandro,0.18714601602141087,2.620044224299752,1.0,378,833,605.5
8292,1.7226587098650634,1.8113394094491377,-0.08868069958407432,686,10,0.17226587098650634,D. Rose,0.5460886064134205,5.460886064134205,0.0,468,134,301.0
8296,2.7284300446044654,2.8501687272218987,-0.12173868261743337,236,24,0.11368458519185272,J. Defoe,0.0472367001829928,1.1336808043918272,0.0,795,1102,948.5
8301,2.751985168084502,3.6158963323105127,-0.8639111642260104,660,19,0.14484132463602642,J. Hart,0.73977094110032,14.055647880906081,2.0,608,25,316.5
8306,10.643927483357489,11.701413903505541,-1.0574864201480523,3208,35,0.30411221381021397,A. Kolarov,0.8423317814901722,29.481612352156027,3.0,92,7,49.5
8307,4.107345751137473,3.450629846774973,0.6567159043624997,1631,17,0.24160857359632193,V. Kompany,0.5825639160117454,9.903586572199671,1.0,194,98,146.0
8311,3.673042861977592,2.296953753568232,1.37608910840936,1267,27,0.13603862451768858,S. Savić,0.35444586609566775,9.570038384583029,1.0,656,468,562.0
8313,5.574079409823753,5.700843882048503,-0.12676447222474962,2015,37,0.15065079486010144,P. Zabaleta,0.4847268864962148,17.93489480035995,1.0,583,220,401.5
8314,4.730715998642147,3.7017308998228984,1.0289850988192484,1149,25,0.18922863994568587,G. Barry,0.3759062457598967,9.397656143997416,1.0,387,417,402.0
8317,12.676142178497278,12.68460720174294,-0.00846502324566245,2925,29,0.43710835098266476,David Silva,0.5950379504357912,17.256100562637947,3.0,25,91,58.0
8319,6.358173909634352,5.419822284174152,0.9383516254602,1888,32,0.1986929346760735,J. Milner,0.477921971122003,15.293503075904097,3.0,347,233,290.0
8323,2.428840163037181,2.501633190539666,-0.07279302750248462,509,18,0.13493556461317674,Denis Suárez,0.13067654822503644,2.352177868050656,3.0,666,947,806.5
8324,1.5254572940757498,1.5125690062996,0.01288828777614981,466,10,0.152545729407575,Y. Touré,0.31065551919737955,3.1065551919737953,1.0,568,572,570.0
8325,13.798920571633532,13.944172068561345,-0.1452514969278127,982,25,0.5519568228653413,S. Agüero,0.09816089241532243,2.4540223103830607,0.0,7,1006,506.5
8327,7.450929845156148,8.221150808789767,-0.7702209636336192,1180,36,0.20697027347655966,E. Džeko,0.10929955636650304,3.9347840291941094,0.0,312,985,648.5
8336,7.175247911480255,6.7052260879427195,0.47002182353753597,2596,34,0.21103670327883103,K. Naughton,0.6369320677283838,21.655690302765052,1.0,296,66,181.0
8351,5.518146675897762,4.262613826434128,1.2555328494636342,1432,25,0.2207258670359105,A. Surman,0.3202768016241136,8.00692004060284,1.0,253,554,403.5
8358,5.035400671651587,6.936471578199416,-1.9010709065478295,1276,37,0.13609191004463747,B. Foster,0.7621691719207521,28.200259361067825,2.0,655,15,335.0
8360,5.8273511887528,5.323192430078052,0.5041587586747482,1420,28,0.2081196853126,C. Dawson,0.5485658634853054,15.359844177588553,1.0,310,130,220.0
8370,7.295483834479936,6.101464833153412,1.1940190013265237,1365,26,0.2805955320953821,C. Brunt,0.7275928131430376,18.917413141718978,3.0,124,30,77.0
8384,0.2089729605941102,0.43024571728892624,-0.22127275669481605,604,30,0.006965765353137006,S. Long,0.016625057822577078,0.4987517346773123,0.0,1163,1175,1169.0
8391,0.7506083124317229,1.4050458651036024,-0.6544375526718795,327,11,0.0682371193119748,J. Speroni,0.493589532627883,5.429484858906713,2.0,1029,199,614.0
8416,3.106795281008229,3.0458749143400867,0.06092036666814238,901,35,0.08876557945737798,G. Murray,0.030064955030061874,1.0522734260521656,0.0,921,1152,1036.5
8422,10.709072567056865,11.090415090089664,-0.38134252303279936,1339,29,0.3692783643812712,W. Zaha,0.32416714959756215,9.400847338329303,0.0,41,536,288.5
8425,3.327110759797506,4.952497989521362,-1.6253872297238559,890,27,0.12322632443694467,W. Hennessey,0.6719042092257697,18.14141364909578,2.0,736,51,393.5
8433,5.96502968785353,5.904508006875403,0.060521680978126824,1633,28,0.2130367745661975,S. Ward,0.5498332208413654,15.395330183558233,1.0,286,126,206.0
8460,3.645360506120138,3.56052267060522,0.08483783551491797,1513,27,0.13501335207852364,A. Smith,0.28035440998768213,7.569569069667417,1.0,663,642,652.5
8464,4.804888198385015,4.193347921827808,0.6115402765572071,2048,22,0.21840400901750068,F. Delph,0.3047849206726944,6.705268254799277,1.0,266,588,427.0
8471,6.852077483748086,6.430197459379211,0.42188002436887473,1788,36,0.19033548565966904,A. Townsend,0.42775691860850423,15.399249069906153,3.0,380,316,348.0
8480,5.551156653906219,5.845537375193089,-0.29438072128687054,1255,33,0.16821686830018845,K. Schmeichel,0.6832311417635883,22.546627678198416,2.0,487,47,267.0
8488,2.5137822737451643,0.8356254652608186,1.6781568084843457,1238,32,0.07855569605453638,W. Morgan,0.2456073440157744,7.85943500850478,1.0,976,705,840.5
8495,1.5475693049374968,1.3350267164641991,0.21254258847329766,461,12,0.1289641087447914,D. Drinkwater,0.12726655393412295,1.5271986472094754,1.0,703,951,827.0
8498,4.5092182827647775,3.9509368439903483,0.5582814387744293,715,22,0.204964467398399,A. King,0.1969786177648215,4.333529590826073,1.0,322,806,564.0
8501,1.841525983181782,1.6452672996092588,0.1962586835725233,1142,24,0.07673024929924092,J. Schlupp,0.3224996189645792,7.739990855149901,1.0,988,545,766.5
8514,1.279296436230652,1.5831921622157097,-0.30389572598505765,658,19,0.06733139138056063,S. Mignolet,0.3340453907427261,6.346862424111796,2.0,1031,516,773.5
8516,3.0844160123961046,3.4926352102775127,-0.40821919788140804,800,13,0.23726277018431574,P. Bardsley,0.6906729971805624,8.97874896334731,1.0,207,44,125.5
8530,1.3150317249363288,1.459588941606693,-0.14455721667036414,752,30,0.04383439083121096,J. McClean,0.13364364487482722,4.009309346244817,0.0,1098,936,1017.0
8553,1.8389617569046095,1.21225121547468,0.6267105414299294,849,17,0.1081742209943888,W. Reid,0.3570074578169287,6.069126782887788,1.0,822,460,641.0
8554,5.717707202187739,3.9994232115568593,1.71828399063088,1239,28,0.20420382864956213,J. Tomkins,0.3429855561722383,9.603595572822673,1.0,327,499,413.0
8561,8.311110713438556,6.397664273309946,1.9134464401286095,1690,29,0.2865900246013295,M. Noble,0.35145420959657564,10.192172078300693,1.0,114,477,295.5
8580,1.4443975582253188,2.4403502447530627,-0.9959526865277439,519,18,0.08024430879029548,A. McCarthy,0.5220213701356934,9.39638466244248,2.0,967,168,567.5
8582,6.537073176310398,6.454410400547087,0.08266277576331049,2062,36,0.18158536600862216,A. Cresswell,0.6372989438058156,22.942761977009365,3.0,418,65,241.5
8620,3.652349415468052,2.923325858428143,0.7290235570399091,1102,30,0.12174498051560173,M. Diamé,0.16274943566277228,4.882483069883168,1.0,750,888,819.0
8623,6.792615022393875,5.208993394509889,1.5836216278839856,1427,33,0.20583681886042046,J. McArthur,0.22227010332181776,7.334913409619986,1.0,320,755,537.5
8625,6.413984656217508,5.817833655863069,0.596151000354439,1466,28,0.22907088057919672,V. Moses,0.20150752352929374,5.6422106588202245,1.0,229,797,513.0
8643,5.980049967765808,5.485679884557612,0.49437008320819587,1512,26,0.23000192183714646,M. Lowton,0.5976433923471282,15.538728201025332,1.0,226,89,157.5
8653,7.607734179706313,6.193580919527449,1.414153260178864,2291,38,0.20020353104490296,H. Maguire,0.5862842999947923,22.278803399802108,1.0,344,96,220.0
8677,3.7563955675577745,3.6002170919673517,0.15617847559042275,766,21,0.17887597940751307,M. Antonio,0.2505154766571704,5.260825009800578,0.0,435,700,567.5
8686,1.0099965187255293,1.4279588575009257,-0.41796233877539635,365,20,0.050499825936276464,H. Robson-Kanu,0.09246575103454009,1.8493150206908018,0.0,1074,1026,1050.0
8717,19.77282034346944,20.117244637893684,-0.34442429442424327,1153,37,0.5344005498234984,H. Kane,0.21464041552478533,7.941695374417057,0.0,8,772,390.0
8726,3.632880923571065,4.407349203713238,-0.7744682801421732,1297,38,0.09560212956765961,A. Begović,0.37526068845347443,14.25990616123203,2.0,882,419,650.5
8731,1.2783751840470359,0.9774881009943783,0.30088708305265754,975,27,0.04734722903877911,R. Shawcross,0.30599642722885684,8.261903535179135,1.0,1087,585,836.0
8747,2.945085587678477,3.048060971079394,-0.10297538340091705,618,31,0.0950027608928541,P. Crouch,0.019110568383440427,0.5924276198866533,0.0,885,1167,1026.0
8826,1.7055892528733239,1.9581404883647338,-0.2525512354914099,378,10,0.17055892528733238,K. Darlow,0.6100602887650762,6.100602887650762,2.0,478,79,278.5
8833,7.858927728491835,4.724914448917843,3.134013279573992,1563,33,0.2381493251058132,J. Lascelles,0.32175771533142455,10.61800460593701,1.0,201,550,375.5
8889,2.047507263952866,1.7066938802599907,0.3408133836928755,1334,28,0.07312525942688808,A. Mariappa,0.3613966242996997,10.119105480391593,1.0,1010,450,730.0
8897,5.281023510382511,3.1459769944194704,2.1350465159630403,1754,30,0.17603411701275035,J. Hogg,0.29127924641263636,8.73837739237909,1.0,453,617,535.0
8903,-0.5063624583616478,-0.3785783245892821,-0.12778413377236575,621,29,-0.017460774426263717,T. Deeney,0.11880623208799172,3.44538073055176,0.0,1186,965,1075.5
8925,2.575497017468326,1.7837329051624984,0.7917641123058274,755,17,0.15149982455696034,A. Westwood,0.338674493404469,5.757466387875973,1.0,574,509,541.5
8944,3.832869700738229,2.239193407003768,1.593676293734461,1433,29,0.13216792071511135,B. Mee,0.4218404772500708,12.233373840252053,1.0,679,323,501.0
8945,5.496664374222048,5.235773235180416,0.2608911390416324,1882,24,0.229027682259252,K. Trippier,0.45788918858451205,10.98934052602829,1.0,230,264,247.0
8953,3.6053367451259195,3.5430734180572703,0.06226332706864923,361,23,0.1567537715272139,C. Austin,0.0356548623121277,0.8200618331789371,0.0,538,1133,835.5
8958,3.973420423709534,4.0743324662537574,-0.10091204254422337,1091,37,0.10738974118133876,J. Rodriguez,0.10470343117646994,3.8740269535293876,0.0,826,992,909.0
8959,6.06833664987956,5.995422796311535,0.07291385356802493,777,19,0.3193861394673453,J. Stanislas,0.25389204192980513,4.823948796666297,3.0,73,691,382.0
8976,6.030055864020251,5.974229428921826,0.055826435098424554,1830,37,0.16297448281135812,T. Carroll,0.48332095109460715,17.882875190500464,3.0,513,225,369.0
8980,3.639798134448938,2.9968762239441276,0.6429219105048105,1047,34,0.10705288630732171,J. Hendrick,0.12124150683168915,4.122211232277431,1.0,828,963,895.5
8981,3.427117452355102,3.264060034979135,0.1630574173759669,582,15,0.22847449682367346,W. Hughes,0.18330831674920886,2.749624751238133,0.0,231,842,536.5
9080,3.988418375096284,3.899318997586146,0.08909937751013786,1073,22,0.18129174432255837,A. Taarabt,0.24207656964616484,5.325684532215626,0.0,420,713,566.5
9097,6.203139234567061,3.3602782734669745,2.8428609611000866,2069,38,0.1632405061728174,L. Dunk,0.5009528779617259,19.036209362545584,1.0,511,190,350.5
9123,5.585392347420566,5.810848823399283,-0.2254564759787172,792,36,0.15514978742834906,A. Barnes,0.060546991260092047,2.1796916853633137,0.0,548,1079,813.5
9127,2.3003841689787805,2.190693868556991,0.10969030042178929,272,29,0.07932359203375106,S. Vokes,0.03411645449528554,0.9893771803632807,0.0,973,1139,1056.0
9164,2.325828296598047,2.0063066822476685,0.3195216143503785,607,11,0.21143893605436792,C. Taylor,0.4674516535188028,5.141968188706831,1.0,294,246,270.0
9194,0.7899682178329677,0.732442481902428,0.05752573593053967,452,16,0.04937301361456048,Y. Bolasie,0.21970711065266713,3.515313770442674,0.0,1075,761,918.0
9206,6.829037786577828,6.769127902458422,0.05990988411940634,553,24,0.28454324110740953,C. Wood,0.027486087417684334,0.659666098024424,0.0,117,1156,636.5
9227,7.681885989678093,8.072036877802573,-0.39015088812448084,1737,35,0.2194824568479455,M. Ritchie,0.4862218800523904,17.017765801833665,3.0,261,213,237.0
9277,7.234181532985531,5.6712285914691165,1.5629529415164143,1828,34,0.21277004508780972,S. Cook,0.4667267766297832,15.868710405412628,1.0,291,247,269.0
9279,7.42532222804334,6.07692406610772,1.34839816193562,2210,32,0.23204131962635438,S. Francis,0.654221985982688,20.935103551446016,1.0,219,56,137.5
9280,1.8934426322812214,1.3944189032772556,0.49902372900396585,897,22,0.08606557419460098,S. Malone,0.3235017638481254,7.117038804658758,1.0,936,541,738.5
9283,2.7244073703736067,2.4763025193791837,0.24810485099442303,724,13,0.20956979772104667,H. Arter,0.3263375653407256,4.242388349429433,1.0,304,531,417.5
9285,6.645676306636073,6.505253572320566,0.14042273431550711,2419,35,0.1898764659038878,C. Daniels,0.443652384914216,15.52783347199756,1.0,383,285,334.0
9293,0.5822237846860662,0.15494057063013317,0.42728321405593306,711,20,0.02911118923430331,M. Pugh,0.19237834721900637,3.8475669443801275,0.0,1127,820,973.5
9380,2.441655482747592,1.7191503762733191,0.7225051064742729,1355,17,0.14362679310279952,J. Stones,0.4731934899856737,8.044289329756452,1.0,613,238,425.5
9414,5.279271826353855,5.253824232468381,0.025447593885473907,1082,30,0.1759757275451285,M. Phillips,0.30830894881388965,9.249268464416689,3.0,454,579,516.5
9419,2.4114968500789256,1.5382288037789986,0.8732680462999269,1093,33,0.07307566212360381,T. Ince,0.1531915698684097,5.05532180565752,0.0,1011,904,957.5
9433,2.3044421252561733,1.0127658606506884,1.291676264605485,1462,31,0.07433684275019914,J. Tarkowski,0.4798742582099859,14.876102004509564,1.0,1001,228,614.5
9532,-1.0259324605849311,-1.0284813574089409,0.0025488968240097165,143,15,-0.06839549737232874,S. Berahino,-0.009090542041723994,-0.1363581306258599,0.0,1205,1197,1201.0
9623,3.3854690053379164,3.4798221186613665,-0.09435311332345009,809,15,0.2256979336891944,R. Brady,0.5493318855792951,8.239978283689426,3.0,237,127,182.0
9637,7.700091424227185,7.361170616062783,0.33892080816440284,1177,33,0.23333610376446015,J. King,0.22196179448540834,7.324739218018475,0.0,215,756,485.5
9739,3.977949097330682,3.863018634307198,0.11493046302348375,1181,32,0.12431090929158381,J. Ibe,0.23262596002107805,7.444030720674498,3.0,731,734,732.5
10108,2.7568525872193277,1.938986974884756,0.8178656123345718,725,16,0.17230328670120798,K. Long,0.3971487050994462,6.3543792815911395,1.0,467,366,416.5
10113,2.569753725130111,2.0044342147205025,0.5653195104096085,513,10,0.2569753725130111,A. Benali,0.31098322693315067,3.109832269331507,1.0,155,571,363.0
10131,6.348994419910014,7.036034467746504,-0.68704004783649,1489,38,0.16707880052394772,J. Pickford,0.828983397857733,31.501369118593853,2.0,492,9,250.5
10252,3.9440895322859286,3.487904373361729,0.45618515892419964,1076,29,0.13600308732020444,S. Clucas,0.16530029531212662,4.793708564051672,1.0,657,883,770.0
10663,3.435366800171323,3.5910352889914066,-0.15566848882008344,452,27,0.1272358074137527,A. Gray,0.04558235406029491,1.2307235596279626,0.0,714,1106,910.0
11063,11.942456541570834,12.361504686402156,-0.41904814483132213,2211,35,0.341213044044881,Suso,0.5326275542103015,18.641964397360553,3.0,51,154,102.5
11066,13.150625181515448,13.749560798533007,-0.5989356170175597,1693,33,0.398503793379256,R. Sterling,0.1213530916098052,4.004652023123572,0.0,32,961,496.5
11078,4.212616340373643,4.677958322572522,-0.4653419821988791,1433,24,0.17552568084890177,T. Smith,0.5094822467497526,12.227573921994063,1.0,459,181,320.0
11152,5.253946933080442,4.302025024895556,0.951921908184886,1782,28,0.18764096189573007,M. Dembélé,0.284691137812376,7.9713518587465275,1.0,394,633,513.5
11156,3.834006402210504,3.6640617488065588,0.16994465340394527,1128,34,0.11276489418266189,M. Trotta,0.1041035479388836,3.5395206299220425,0.0,799,994,896.5
11294,2.0043876491254196,1.2911583698587492,0.7132292792666703,565,18,0.11135486939585665,S. Arfield,0.08552336718910393,1.5394206094038707,1.0,807,1038,922.5
11669,5.978406906354241,5.520773932796903,0.4576329735573381,658,28,0.2135145323697943,C. Wilson,0.03373687641921115,0.9446325397379122,0.0,282,1141,711.5
12242,6.448852373403497,9.486307561513968,-3.0374551881104708,1356,35,0.18425292495438564,N. Pope,0.9691968665825131,33.92189033038796,2.0,408,2,205.0
12536,4.619643767015077,4.47010377177503,0.14953999524004757,599,35,0.1319898219147165,D. Gayle,0.029727494075390604,1.040462292638671,0.0,681,1154,917.5
12829,11.853636209627956,12.005756429287947,-0.15212021965999156,757,37,0.32036854620616095,J. Vardy,0.08137773792568057,3.010976303250181,0.0,71,1050,560.5
13484,9.023440804380924,8.573587017298676,0.44985378708224744,1792,36,0.25065113345502565,D. Alli,0.298536916339741,10.747328988230676,0.0,170,598,384.0
14688,2.0104990599211305,1.0885121759492904,0.9219868839718401,788,21,0.09573805047243479,S. Prödl,0.3069832382700544,6.446648003671142,1.0,880,583,731.5
14703,10.82250496016536,10.696611250100657,0.12589371006470174,1224,31,0.3491130632311406,M. Arnautović,0.1997945667625848,6.193631569640129,0.0,49,799,424.0
14723,12.623400129180402,11.96041697034426,0.6629831588361412,2496,27,0.46753333811779263,T. Kroos,0.7381935778214895,19.931226601180217,3.0,19,27,23.0
14745,2.788363622268662,3.1229575637262315,-0.3345939414575696,1272,20,0.1394181811134331,C. Molinaro,0.5220025388998911,10.440050777997822,1.0,643,169,406.0
14748,6.239645241876133,4.652424750733189,1.5872204911429435,1995,27,0.23109797192133824,A. Rüdiger,0.5658715250721975,15.278531176949333,1.0,223,108,165.5
14763,4.980281559866853,4.616002408321947,0.3642791515449062,544,27,0.18445487258766122,S. Okazaki,0.07507752515564858,2.0270931792025118,0.0,407,1061,734.0
14796,2.1841151206847282,2.1433616242231803,0.04075349646154791,1114,23,0.09496152698629254,C. Löwe,0.41828601067041854,9.620578245419626,1.0,886,330,608.0
14808,5.301014988678254,4.92594904882808,0.3750659398501739,1646,30,0.17670049962260848,İ. Gündoğan,0.2140949258522036,6.422847775566108,1.0,446,774,610.0
14812,9.722706381069496,9.896127427649684,-0.17342104658018798,2216,37,0.26277584813701343,I. Perišić,0.427545986296583,15.819201492973571,0.0,147,317,232.0
14836,3.427961974016391,3.519726278221235,-0.09176430420484394,1420,34,0.10082241100048209,T. Inui,0.09824174074182492,3.3402191852220473,0.0,855,1005,930.0
14852,4.866218466599472,4.665204752407968,0.20101371419150382,2016,27,0.1802303135777582,Sergio Escudero,0.5335023174692622,14.40456257167008,1.0,427,153,290.0
14853,5.486965502162464,4.913167105537839,0.5737983966246247,1471,25,0.21947862008649857,C. Fuchs,0.5757619338700136,14.39404834675034,1.0,262,101,181.5
14866,1.7343975317748264,1.4322720108870417,0.30212552088778466,825,29,0.059806811440511254,Jurado,0.10371764296841932,3.00781164608416,0.0,1052,995,1023.5
14869,4.746825467911549,4.23782454081811,0.5090009270934388,1772,27,0.1758083506633907,S. Kolašinac,0.25295113616608766,6.829680676484367,1.0,456,696,576.0
14870,5.748175730230287,4.202405849122442,1.5457698811078444,1902,24,0.2395073220929286,J. Matip,0.5481046452105508,13.15451148505322,1.0,197,132,164.5
14903,5.3991489064646885,4.167644080356695,1.2315048261079937,1927,36,0.14997635851290803,T. Rincón,0.31020233125391505,11.167283925140941,1.0,587,574,580.5
14904,1.6830493533052504,2.1585631696507335,-0.47551381634548306,884,13,0.12946533486963466,J. Sala,0.35082472989651614,4.56072148865471,1.0,698,478,588.0
14911,12.20002151023224,12.166409212151542,0.033612298080697656,1397,37,0.32973031108735784,Son Heung-Min,0.19706125569231586,7.291266460615687,0.0,63,805,434.0
14922,3.9301673916638418,4.314807140035979,-0.38463974837213755,2555,34,0.11559315857834829,R. Rodríguez,0.389960441621335,13.25865501512539,1.0,784,377,580.5
14943,2.7022106501972303,2.494740577531047,0.20747007266618311,1240,32,0.08444408281866345,M. Mandžukić,0.036020391520314596,1.152652528650067,1.0,944,1132,1038.0
15008,4.5748351943911985,2.6435780592728406,1.9312571351183578,1438,37,0.12364419444300537,M. ter Stegen,0.17076521427214855,6.3183129280694965,2.0,735,869,802.0
15054,4.901914295041934,4.3530459178145975,0.5488683772273362,945,35,0.14005469414405525,M. Diouf,0.1322673599273302,4.629357597456558,0.0,635,938,786.5
15175,1.0778693518368527,1.6373633566545323,-0.5594940048176795,663,19,0.05672996588615015,L. Karius,0.32848126036246583,6.241143946886851,2.0,1059,523,791.0
15198,4.788125390303321,4.432278401101939,0.3558469892013818,1118,30,0.15960417967677737,E. Choupo-Moting,0.16252442249472346,4.875732674841704,0.0,526,889,707.5
15214,1.5747822734992951,2.0349329716991633,-0.4601506981998682,802,17,0.09263425138231147,A. Rukavina,0.2849454789575854,4.844073142278951,1.0,906,632,769.0
15215,4.028029275359586,2.0141648926073685,2.0138643827522174,1806,37,0.10886565609079962,C. Schindler,0.33441079921129,12.37319957081773,1.0,818,515,666.5
15455,2.14416339393612,1.5484587734648958,0.5957046204712242,464,14,0.15315452813829428,J. Geis,0.31115575668258927,4.35618059355625,1.0,566,570,568.0
15524,9.708261846073903,9.107072207003831,0.6011896390700713,1777,31,0.3131697369701259,H. Çalhanoğlu,0.3492326878131687,10.826213322208229,3.0,81,484,282.5
15526,12.79760472768706,12.744808806583963,0.0527959211030975,1796,38,0.33677907178123845,P. Groß,0.4894796494615101,18.600226679537386,3.0,53,206,129.5
15808,11.920478936312467,12.370395738892004,-0.44991680257953703,1633,37,0.32217510638682345,Roberto Firmino,0.16699400824279373,6.178778304983368,0.0,67,879,473.0
15823,1.31320931983646,0.9075955124571919,0.4056138073792681,604,19,0.06911627999139264,D. Williams,0.19565280208530098,3.7174032396207184,1.0,1028,812,920.0
16122,1.5389679599320516,1.1930280679371208,0.3459398919949308,549,19,0.0809983136806343,E. Kachunga,0.09735324299534973,1.8497116169116448,0.0,962,1009,985.5
16436,1.2338224603412673,0.690690175568685,0.5431322847725824,689,26,0.047454710013125664,C. Quaner,0.15353793128607893,3.9919862134380524,0.0,1085,903,994.0
18550,6.751137423794717,5.571923276875168,1.1792141469195485,1934,26,0.2596591316844122,E. Can,0.37558472729550463,9.76520290968312,1.0,153,418,285.5
20390,4.4905465033371,4.21912791847717,0.27141858485993,919,17,0.2641497943139471,I. Abate,0.4083978660254782,6.942763722433129,1.0,145,342,243.5
20393,2.086367367999628,1.569935018545948,0.5164323494536802,737,15,0.1390911578666419,D. Bonera,0.4053665581897564,6.080498372846346,1.0,646,346,496.0
20395,2.8042487053899094,2.7177926341537386,0.08645607123617083,935,12,0.2336873921158258,M. De Sciglio,0.24839443534068975,2.980733224088277,1.0,214,704,459.0
20401,2.4601544982288033,1.7953139565652236,0.6648405416635796,1176,21,0.11715021420137159,A. Aquilani,0.37761171987531916,7.929846117381702,1.0,778,407,592.5
20403,0.3626213230891153,0.27364451019093394,0.08897681289818138,362,15,0.024174754872607687,S. Calvano,0.12192010911597748,1.8288016367396622,1.0,1140,959,1049.5
20404,11.120289152515799,10.28105534767241,0.8392338048433885,2042,37,0.3005483554734,B. Cristante,0.3763930775978854,13.926543871121758,1.0,94,412,253.0
20414,3.462419438525103,3.353529242100194,0.10889019642490894,866,26,0.13316997840481165,M. Valoti,0.16207248723516504,4.213884668114291,1.0,672,891,781.5
20418,6.487909478089772,6.340118889418431,0.14779058867134154,1381,32,0.2027471711903054,S. El Shaarawy,0.12586139841974492,4.027564749431837,0.0,335,954,644.5
20422,-0.20320730321507152,0.578346743803218,-0.7815540470182896,575,27,-0.00752619641537302,Maxi López,0.08791344016162285,2.373662884363817,0.0,1176,1035,1105.5
20429,1.802540338769555,1.4749166404912248,0.32762369827833027,1361,24,0.07510584744873146,N. Burdisso,0.39701679557527986,9.528403093806716,1.0,998,367,682.5
20433,2.380106511642225,2.163753731874749,0.21635277976747602,967,20,0.11900532558211126,S. Kjær,0.34877626445631804,6.975525289126361,1.0,768,485,626.5
20434,1.1663851732155308,1.2703357974532992,-0.10395062423776835,1112,24,0.04859938221731378,A. Rosi,0.2785428583997462,6.685028601593908,1.0,1078,645,861.5
20436,7.996136669986881,8.38657878803555,-0.3904421180486679,2003,30,0.2665378889995627,José Ángel,0.9904358350459914,29.713075051379743,3.0,138,1,69.5
20438,4.866305834846571,4.4407317521981895,0.4255740826483816,1554,22,0.22119571976575322,D. De Rossi,0.6501399443276203,14.303078775207648,1.0,251,59,155.0
20441,1.04457654623501,1.2524197369925678,-0.20784319075755775,647,25,0.0417830618494004,E. Lamela,0.15372511949147932,3.8431279872869832,0.0,1102,902,1002.0
20443,13.921122512965463,12.882798769696615,1.0383237432688475,2599,31,0.4490684681601762,M. Pjanić,0.5824069073329107,18.05461412732023,3.0,21,99,60.0
20446,0.6343458103332669,0.5128796103494242,0.12146619998384267,376,18,0.03524143390740372,V. Verre,0.04992827505643377,0.8987089510158078,1.0,1115,1095,1105.0
20448,8.230486700239338,8.233284403963692,-0.0027977037243545055,2090,29,0.2838098862151496,F. Viviani,0.6528043504542341,18.93132616317279,3.0,118,57,87.5
20449,2.2222480154950173,2.03325141795259,0.18899659754242748,1144,29,0.07662924191362129,F. Borini,0.20061019447898112,5.817695639890452,1.0,989,798,893.5
20450,0.2252864947076887,0.2130763236200437,0.012210171087644994,251,14,0.01609189247912062,Bojan,0.08268211732400683,1.1575496425360956,0.0,1152,1045,1098.5
20455,0.967328269733116,1.8727880753576756,-0.9054598056245595,695,21,0.046063250939672194,G. Buffon,0.19090278670408883,4.008958520785866,2.0,1093,822,957.5
20458,3.4541192998876795,2.7318815437611192,0.7222377561265603,1372,25,0.13816477199550717,A. Barzagli,0.3568964758748388,8.92241189687097,1.0,647,462,554.5
20459,8.29267120314762,7.3037242537830025,0.9889469493646175,2480,35,0.23693346294707485,L. Bonucci,0.7439995437103287,26.039984029861504,1.0,208,23,115.5
20460,6.111230725189671,5.398026701877825,0.713204023311846,982,20,0.30556153625948357,M. Cáceres,0.39165619411787783,7.833123882357556,1.0,87,375,231.0
20461,4.441653935587965,3.0448961964575574,1.3967577391304076,2125,25,0.1776661574235186,G. Chiellini,0.6567487618735243,16.418719046838106,1.0,440,53,246.5
20465,1.840526099988006,2.025425849687986,-0.18489974969998002,1477,27,0.06816763333288911,S. Lichtsteiner,0.32095692351128735,8.665836934804759,1.0,1030,552,791.0
20468,4.885839650368318,4.738323649119586,0.1475160012487322,611,17,0.28740233237460694,E. Giaccherini,0.25575669987351035,4.347863897849676,3.0,113,684,398.5
20470,1.2029077183622867,0.812574806383811,0.39033291197847575,773,15,0.08019384789081911,C. Marchisio,0.2322230555262728,3.483345832894092,1.0,968,736,852.0
20472,6.862100177260116,5.974193343591876,0.8879068336682394,1700,37,0.1854621669529761,S. Padoin,0.3844707498161622,14.225417743198001,1.0,404,390,397.0
20476,0.23937105701770633,0.2631967206252739,-0.02382566360756755,233,15,0.01595807046784709,M. Borriello,0.007891631008278858,0.11837446512418288,0.0,1153,1183,1168.0
20478,-0.34920761230198283,-0.12028314099909354,-0.2289244713028893,294,23,-0.015182939665303602,A. Matri,0.04090309243832866,0.9407711260815591,0.0,1184,1120,1152.0
20479,10.387082993416882,10.940204491969965,-0.5531214985530823,1000,35,0.29677379981191093,F. Quagliarella,0.20719134962885893,7.251697237010062,0.0,103,785,444.0
20483,5.279906666721217,6.166913714609109,-0.8870070478878915,1428,33,0.15999717171882477,A. Mirante,0.46849734805865023,15.460412485935457,2.0,523,244,383.5
20495,4.494049167144112,4.986715062754229,-0.4926658956101164,1568,24,0.18725204863100467,M. Gobbi,0.7446319450058536,17.871166680140487,1.0,395,22,208.5
20503,1.6282760225003585,1.7026075011817738,-0.07433147868141532,375,19,0.08569873802633465,S. Floccari,0.04164355972077325,0.7912276346946917,0.0,938,1118,1028.0
20505,-0.22622713854070753,-0.15960888483095914,-0.06661825370974839,258,15,-0.015081809236047168,S. Okaka,0.037833804937256084,0.5675070740588413,0.0,1183,1129,1156.0
20516,6.389804455849342,5.755521391916089,0.6342830639332533,1254,28,0.22820730199461936,D. Faraoni,0.4992526685922952,13.979074720584267,1.0,233,194,213.5
20517,1.1841932326788083,1.1722310577752069,0.011962174903601408,497,11,0.10765393024352803,Y. Nagatomo,0.2619910673358325,2.8819017406941576,1.0,825,672,748.5
20518,3.50270504783839,2.7613029684871435,0.7414020793512464,1355,22,0.1592138658108359,Juan Jesus,0.46437272722633866,10.21619999897945,1.0,529,253,391.0
20519,2.4356279141502455,1.9419751997338608,0.4936527144163847,392,10,0.24356279141502454,A. Ranocchia,0.28831199328345736,2.883119932834574,1.0,189,625,407.0
20523,1.1529628102108838,1.1655222746450455,-0.012559464434161782,235,12,0.09608023418424032,R. Álvarez,0.09110061240271662,1.0932073488325995,3.0,877,1028,952.5
20525,5.55184279975947,4.955021851230413,0.5968209485290572,759,22,0.2523564908981577,J. Obi,0.1986981222439347,4.371358689366564,1.0,164,800,482.0
20529,4.09883886075113,2.7530571594834328,1.345781701267697,1582,32,0.1280887143984728,A. Poli,0.1161836252117569,3.717876006776221,1.0,708,971,839.5
20536,-0.20274569850143775,-0.07797355984066412,-0.12477213866077363,346,28,-0.007240917803622777,G. Pazzini,0.032373473265115874,0.9064572514232445,0.0,1175,1146,1160.5
20540,3.018997475155629,4.421405466389842,-1.4024079912342131,1232,32,0.09434367109861341,A. Bizzarri,0.38607415465560224,12.354372948979272,2.0,890,384,637.0
20550,6.6996017610654235,4.487146335304715,2.2124554257607087,2150,31,0.21611618584082012,Ş. Radu,0.5689927559088689,17.638775433174935,1.0,273,104,188.5
20556,4.4972302065845575,4.896070743879303,-0.39884053729474545,2140,36,0.12492306129401548,A. Candreva,0.5135862950294975,18.48910662106191,3.0,727,177,452.0
20561,7.215362154789947,6.603898436091587,0.61146371869836,1987,35,0.2061532044225699,S. Lulić,0.32363451032638113,11.32720786142334,0.0,316,540,428.0
20571,4.234673686907627,3.3361698577646166,0.8985038291430101,1271,38,0.11143878123441123,S. Handanovič,0.10055107599632837,3.8209408878604783,2.0,806,1000,903.0
20575,0.33286831248551607,0.7112177577801049,-0.3783494452945888,499,11,0.03026075568050146,D. Basta,0.21001895448210559,2.3102084993031613,1.0,1122,781,951.5
20579,4.755615705391392,3.6282995684305206,1.1273161369608715,1600,20,0.2377807852695696,M. Benatia,0.4315342639348918,8.630685278697836,1.0,203,309,256.0
20583,5.502604060224257,3.8212536927312613,1.6813503674929962,1754,32,0.17195637688200804,Danilo,0.4886946508341194,15.63822882669182,1.0,471,208,339.5
20588,2.600486973999068,2.0916867488995194,0.5088002250995487,1533,19,0.13686773547363518,K. Asamoah,0.2167552069429327,4.118348931915722,1.0,651,765,708.0
20593,6.008621273791418,5.703123457609676,0.30549781618174165,1022,32,0.1877694148059818,R. Pereyra,0.16697160922608778,5.343091495234809,3.0,393,880,636.5
20609,1.6313509660540149,1.5716677731834352,0.05968319287057966,906,16,0.10195943537837593,A. Costa,0.5245632555508398,8.393012088813437,1.0,850,166,508.0
20612,7.021748736849986,6.795836518169381,0.2259122186806053,2102,27,0.260064768031481,S. Mustafi,0.6306276950329708,17.02694776589021,1.0,152,70,111.0
20620,4.391873387270607,3.2142828181385994,1.1775905691320077,986,21,0.209136827965267,Pedro Obiang,0.2942101946408246,6.178414087457317,1.0,306,611,458.5
20623,0.5717615326186642,0.43233976948726927,0.13942176313139498,700,22,0.025989160573575646,R. Soriano,0.13493893788322833,2.9686566334310234,0.0,1135,934,1034.5
20626,1.7844878879226744,1.8116606257939711,-0.027172737871296704,384,28,0.06373171028295266,Eder,0.03144406668048704,0.8804338670536372,0.0,1042,1147,1094.5
20632,2.2062120632035658,2.7433047968661413,-0.5370927336625755,914,23,0.09592226361754634,C. Puggioni,0.27544773851019916,6.335297985734581,2.0,878,650,764.0
20633,4.626110723940656,5.301692807581276,-0.6755820836406201,1384,38,0.12173975589317515,S. Sorrentino,0.28297762227015283,10.753149646265808,2.0,751,637,694.0
20635,5.868969618459232,3.1928207385353744,2.6761488799238577,2147,38,0.1544465689068219,F. Acerbi,0.38305194143915394,14.55597377468785,1.0,557,394,475.5
20636,2.978624578448944,2.04233781946823,0.9362867589807138,1100,23,0.1295054164543019,M. Andreolli,0.38023684240994593,8.745447375428757,1.0,697,401,549.0
20637,0.8114365458022803,0.5268004380632192,0.2846361077390611,302,10,0.08114365458022803,B. Cesar,0.25695644736022316,2.569564473602232,1.0,961,681,821.0
20638,2.5302798645570874,1.5352776774670929,0.9950021870899945,836,21,0.12048951735986131,D. Dainelli,0.3761524340844738,7.89920111577395,1.0,761,414,587.5
20653,4.598651389358565,4.114222836331464,0.48442855302710086,1653,32,0.14370785591745516,P. Hetemaj,0.26498559125379356,8.479538920121394,1.0,612,665,638.5
20655,4.012070913566276,3.0417825549375266,0.9702883586287498,737,23,0.17443786580722942,L. Rigoni,0.16580410572279558,3.8134944316242985,1.0,461,882,671.5
20661,6.232998682069592,6.0387631161138415,0.19423556595575064,599,34,0.18332349064910566,A. Paloschi,0.01940622942782343,0.6598118005459966,0.0,411,1165,788.0
20662,0.04916514945216477,0.09795733657665551,-0.04879218712449074,149,18,0.002731397191786932,S. Pellissier,0.030880296811584853,0.5558453426085274,0.0,1169,1150,1159.5
20663,2.9412955445078315,2.935118246481672,0.006177298026159406,767,22,0.13369525202308324,C. Théréau,0.17732609396256307,3.9011740671763877,0.0,670,854,762.0
20689,4.6839571406226606,5.3086391696333886,-0.624682029010728,1531,37,0.1265934362330449,G. Ramírez,0.27176056250081043,10.055140812529986,3.0,718,657,687.5
20707,6.356413673609495,5.255276865558699,1.1011368080507964,1470,26,0.24447744898498058,S. De Maio,0.4392888958196807,11.421511291311699,1.0,188,290,239.0
20723,3.7190947765484452,1.9732389113632962,1.745855865185149,1204,22,0.16904976257038387,B. Salamon,0.4599215622262893,10.118274368978366,1.0,484,258,371.0
20748,2.112250184523873,2.1122271176427603,2.3066881112754345e-05,1524,29,0.0728362132594439,N. Tomović,0.3679067342693589,10.669295293811407,1.0,1013,435,724.0
20749,7.259749255870469,5.920983613264747,1.338765642605722,2082,33,0.21999240169304451,A. Bertolacci,0.553623940585191,18.269590039311304,1.0,258,118,188.0
20751,6.783958909683861,6.5622862805612385,0.2216726291226223,1085,21,0.32304566236589816,J. Cuadrado,0.18223202953510428,3.82687262023719,0.0,66,845,455.5
20764,3.9620880262162537,4.584087368676439,-0.6219993424601853,681,29,0.1366237250419398,L. Muriel,0.03139355887503517,0.9104132073760199,0.0,654,1148,901.0
20776,2.8029486763989553,1.5151931059081107,1.2877555704908445,1278,23,0.12186733375647632,L. Rossettini,0.4632229841285705,10.654128634957122,1.0,749,256,502.5
20796,3.6649621336255223,4.051628612098284,-0.3866664784727618,518,26,0.1409600820625201,M. Destro,0.09098425540720831,2.365590640587416,0.0,628,1029,828.5
20802,2.6075091847451404,3.684392004739493,-1.0768828199943528,1000,27,0.09657441424982001,E. Viviano,0.41179779400765176,11.118540438206598,2.0,874,339,606.5
20803,3.165945299784653,2.783643052331172,0.38230224745348096,894,15,0.21106301998564353,M. Aguirregaray,0.5109950791000742,7.664926186501114,1.0,295,179,237.0
20808,1.508673342410475,0.761284961597994,0.747388380812481,661,19,0.0794038601268671,E. Muñoz,0.2534951014049808,4.816406926694635,1.0,971,692,831.5
20811,6.859058970818296,4.952228959300555,1.9068300115177408,2563,34,0.2017370285534793,M. Silvestre,0.5373672112093101,18.27048518111654,1.0,339,146,242.5
20812,1.9956745994277298,1.6635272145504132,0.33214738487731665,632,21,0.09503212378227285,A. Acquah,0.16129575423119477,3.3872108388550903,1.0,884,893,888.5
20815,6.693502553378232,5.453719098109752,1.2397834552684799,1485,38,0.17614480403626925,A. Barberis,0.2966496217423696,11.272685626210045,3.0,451,603,527.0
20816,2.301216083113104,2.5362748478073627,-0.23505876469425857,1328,28,0.08218628868261087,É. Barreto,0.19041671064094318,5.331667897946409,1.0,956,824,890.0
20820,11.96025318154549,12.346128555973486,-0.3858753744279966,1697,31,0.38581461875953194,J. Iličić,0.33935369378561653,10.519964507354112,3.0,35,505,270.0
20823,3.0047037336593494,3.6936741615030915,-0.6889704278437421,1250,30,0.10015679112197831,F. Vázquez,0.2917565282088551,8.752695846265654,0.0,859,616,737.5
20832,4.516697115614079,4.503577389288694,0.013119726325385273,1284,37,0.12207289501659672,A. Consigli,0.3567706739250679,13.200514935227512,2.0,747,463,605.0
20841,9.458537556457333,7.425990491400473,2.0325470650568604,2338,31,0.3051141147244301,A. Masiello,0.6034229376523463,18.706111067222736,1.0,88,85,86.5
20842,5.225147522753105,4.605024577002041,0.6201229457510635,1494,31,0.16855314589526144,F. Peluso,0.5371475635151234,16.651574468968825,1.0,486,147,316.5
20845,9.900946320492775,9.695616625358351,0.20532969513442367,1906,33,0.30002867637856895,G. Bonaventura,0.2655668189112008,8.763705024069626,3.0,96,664,380.0
20850,8.658446190590716,8.249277720987545,0.40916846960317343,1974,26,0.333017161176566,L. Cigarini,0.759673047263239,19.751499228844214,3.0,60,16,38.0
20855,1.5432005390757695,1.5614683114690706,-0.01826777239330113,807,20,0.07716002695378847,E. Schelotto,0.2719331868307953,5.438663736615906,1.0,984,655,819.5
20857,2.595510191489689,2.7581818370108753,-0.1626716455211863,300,26,0.09982731505729572,M. Gabbiadini,0.014885207499091023,0.3870153949763666,0.0,862,1177,1019.5
20866,6.172835847479291,4.114465003251098,2.058370844228193,1867,25,0.24691343389917164,D. Astori,0.6037363205167412,15.093408012918529,1.0,179,84,131.5
20869,3.0046364227309823,3.228928746888414,-0.22429232415743172,1056,20,0.15023182113654912,N. Murru,0.4759125506127385,9.51825101225477,1.0,584,235,409.5
20874,0.05662509340420366,0.12844963169284168,-0.071824538288638,166,11,0.005147735764018515,A. Cossu,0.16483842496863216,1.8132226746549538,3.0,1166,884,1025.0
20875,0.48328038514591753,0.23445940541569144,0.2488209797302261,343,17,0.028428257949759856,D. Dessena,0.09643847519996304,1.6394540783993716,1.0,1132,1012,1072.0
20879,7.546837214545347,7.132841852076352,0.41399536246899515,1783,31,0.24344636175952733,R. Nainggolan,0.40327021350034437,12.501376618510676,0.0,190,352,271.0
20911,4.865415602624417,4.52138940657489,0.34402619604952633,1476,31,0.15694889040723925,P. Schiattarella,0.32009252152471174,9.922868167266063,1.0,537,556,546.5
20922,2.467207872774452,3.6804828480817378,-1.2132749753072858,938,33,0.07476387493255915,Neto,0.36544209679568784,12.059589194257699,2.0,999,441,720.0
20927,7.62898909841571,8.331012821229175,-0.7020237228134647,2244,35,0.2179711170975917,L. De Silvestri,0.4634624184211329,16.22118464473965,1.0,268,255,261.5
20928,4.621783945825882,3.9496750184334815,0.6721089273924008,1688,30,0.15405946486086275,Felipe,0.4783192236074697,14.349576708224092,1.0,559,231,395.0
20929,1.1259014254901558,0.694883372518234,0.43101805297192186,842,23,0.04895223589087634,A. Gamberini,0.20718191763578372,4.7651841056230255,1.0,1076,786,931.0
20935,8.252677571716212,7.494372867037035,0.7583047046791762,2186,37,0.22304533977611385,Rômulo,0.47501336077980366,17.575494348852736,3.0,245,237,241.0
20938,2.8644689058419317,2.2670545160071924,0.5974143898347393,762,20,0.14322344529209657,V. Behrami,0.151164819491745,3.0232963898349,1.0,618,906,762.0
20941,12.032179005617277,12.550849932302722,-0.518670926685445,1635,27,0.44563625946730656,A. Ljajić,0.4754838301848504,12.83806341499096,3.0,23,236,129.5
20943,3.7813255933579057,3.188441703794524,0.5928838895633817,876,18,0.21007364407543921,R. Montolivo,0.3091930607627869,5.565475093730164,1.0,301,576,438.5
20947,3.11436570973669,3.387826500950128,-0.2734607912134379,762,24,0.1297652379056954,A. Cerci,0.2633450431928612,6.320281036628668,3.0,694,669,681.5
20949,1.016293982331641,0.5045134781943634,0.5117805041372776,520,18,0.05646077679620228,Ryder Matos,0.1311686115709148,2.3610350082764664,0.0,1060,944,1002.0
21001,4.5657586238812655,5.091320833540522,-0.525562209659256,3144,35,0.1304502463966076,E. Hysaj,0.2858663852210323,10.00532348273613,1.0,691,631,661.0
21004,2.0946699967607856,2.0677778363460675,0.02689216041471809,832,14,0.14961928548291326,V. Regini,0.47808928985403193,6.693250057956447,1.0,590,232,411.0
21019,1.9378598265238107,1.4058769072061406,0.5319829193176702,455,12,0.16148831887698423,M. Valdifiori,0.3089301930427882,3.707162316513458,1.0,520,578,549.0
21025,2.11020416279044,2.0587034432841467,0.051500719506293535,570,18,0.1172335645994689,R. Saponara,0.3169029041294135,5.704252274329443,0.0,777,560,668.5
21072,2.0383781897835433,0.8651236169971526,1.1732545727863908,852,21,0.09706562808493063,N. Spolli,0.23235595277012003,4.879475008172521,1.0,873,735,804.0
21077,7.44719344526174,8.200576079866089,-0.7533826346043497,2107,33,0.22567252864429516,A. Gómez,0.5720950559795346,18.87913684732464,3.0,238,103,170.5
21094,6.359854476992041,5.711683574365452,0.6481709026265889,2465,34,0.18705454344094238,D. D'Ambrosio,0.4420388048922971,15.0293193663381,1.0,397,288,342.5
21098,3.6300442796200514,4.157818172941916,-0.5277738933218643,942,26,0.1396170876776943,A. Gomis,0.4643855755149326,12.074024963388247,2.0,641,252,446.5
21100,4.5527861337177455,2.5354041510727257,2.01738198264502,1351,32,0.14227456667867955,A. Ogbonna,0.3218175513424302,10.298161642957766,1.0,622,549,585.5
21114,5.110710107468665,5.3387274552170565,-0.22801734774839133,1002,33,0.15487000325662623,M. Antenucci,0.08231368658672561,2.7163516573619453,0.0,552,1046,799.0
21119,-0.23776780755724758,-0.254779810202308,0.01701200264506042,270,15,-0.015851187170483172,R. Meggiorini,0.11297813422522122,1.6946720133783184,0.0,1185,978,1081.5
21123,9.319409187334083,10.254728984819218,-0.9353197974851355,1824,33,0.28240633901012374,S. Verdi,0.5564934923081224,18.364285246168038,3.0,120,115,117.5
21148,1.819656458334066,1.3523499333532527,0.46730652498081326,542,14,0.12997546130957613,N. Rigoni,0.2542661714402073,3.5597264001629023,1.0,693,688,690.5
21160,2.204561037593521,2.0055755412904546,0.1989854963030666,478,11,0.2004146397812292,M. Britos,0.48536289354815276,5.3389918290296805,1.0,343,218,280.5
21162,1.5372663165908307,1.1921565365046263,0.3451097800862044,726,18,0.08540368425504614,P. Cannavaro,0.4191389526209628,7.54450114717733,1.0,940,328,634.0
21164,4.642876077326946,3.599905771552585,1.042970305774361,1589,30,0.1547625359108982,F. Fernández,0.4834551943857439,14.503655831572317,1.0,553,223,388.0
21169,2.275946968406439,2.137700945775956,0.1382460226304829,670,15,0.1517297978937626,B. Džemaili,0.3103843293539446,4.655764940309169,1.0,573,573,573.0
21171,7.061073211138137,7.207129830028862,-0.14605661889072508,2836,38,0.18581771608258255,M. Hamšík,0.3518263094591509,13.369399759447733,1.0,401,474,437.5
21173,0.9603654342936352,1.0717793001094833,-0.11141386581584811,539,13,0.07387426417643347,C. Maggio,0.05784852118841329,0.7520307754493728,1.0,1005,1083,1044.0
21177,5.559347351198085,5.684773041517474,-0.1254256903193891,890,31,0.17933378552251886,G. Pandev,0.19459330383762177,6.032392418966275,0.0,432,816,624.0
21234,4.52278614539323,4.449066548786551,0.07371959660667926,998,32,0.14133706704353843,A. Belotti,0.07439133111988273,2.3805225958362475,0.0,624,1062,843.0
21279,3.220738484058529,1.7160581983625889,1.5046802856959403,1273,22,0.14639720382084223,E. Moretti,0.4012343023372866,8.827154651420305,1.0,603,356,479.5
21280,4.004609339986928,4.223920743912458,-0.2193114039255306,1389,31,0.12918094645119121,M. Sampirisi,0.42103957270112347,13.052226753734827,1.0,700,324,512.0
21288,5.426273963664658,4.754674929095432,0.6715990345692262,1376,22,0.24664881653021176,Miguel Veloso,0.5651039563673941,12.43228704008267,3.0,180,109,144.5
21290,0.2064064324917272,0.25949956191144885,-0.05309312941972166,363,12,0.017200536040977266,S. Sturaro,0.09710807503668988,1.1652969004402784,1.0,1149,1010,1079.5
21291,7.5791680393777785,7.53276990319509,0.04639813618268818,1882,35,0.21654765826793654,V. Birsa,0.5498483186262436,19.244691151918527,3.0,271,125,198.0
21296,3.245349760632962,3.1274797776713967,0.11786998296156526,1091,28,0.11590534859403435,R. Palacio,0.10308148566585006,2.8862815986438015,0.0,782,997,889.5
21298,3.7008647056063637,5.195066255051643,-1.494201549445279,1688,36,0.10280179737795454,Nicolas,0.53799909512767,19.36796742459612,2.0,844,145,494.5
21299,0.19546902354341,1.2019046082859859,-1.0064355847425759,286,10,0.019546902354341,Rafael,0.2863841018757721,2.863841018757721,2.0,1146,629,887.5
21314,1.3746065482264385,1.1831030251923949,0.1915035230340436,593,19,0.07234771306454939,E. Hallfreðsson,0.12703215692538697,2.4136109815823525,1.0,1016,952,984.0
21315,9.892869404346175,9.202383245636202,0.6904861587099731,3519,33,0.2997839213438235,Jorginho,0.749323427121748,24.727673095017686,1.0,98,19,58.5
21322,2.5007006224477664,2.19401459954679,0.30668602290097624,523,16,0.1562937889029854,M. D'Alessandro,0.12618089243810296,2.0188942790096474,0.0,542,953,747.5
21350,3.575882243923843,2.9688217686489224,0.6070604752749205,1616,31,0.11535104012657557,M. Parolo,0.20480382958959975,6.348918717277592,1.0,787,789,788.0
21370,2.87924652826041,2.0308607114711776,0.8483858167892322,1295,25,0.1151698611304164,M. Capuano,0.3637781451054305,9.094453627635762,1.0,788,445,616.5
21376,2.7364793896712367,3.5590158060230315,-0.8225364163517952,1033,34,0.08048468793150697,G. Caprari,0.13663290966633676,4.6455189286554495,0.0,966,933,949.5
21384,16.736765040154406,16.954125596512878,-0.2173605563584715,1196,33,0.5071746981864972,C. Immobile,0.049400537520122335,1.630217738164037,0.0,11,1098,554.5
21385,5.834937841461718,6.597690337982707,-0.7627524965209886,3172,37,0.1577010227422086,L. Insigne,0.22660630537679338,8.384433298941355,0.0,534,749,641.5
21415,2.3557782594580203,2.764083940302953,-0.4083056808449328,585,13,0.18121371226600155,A. Brignoli,0.5219477082803897,6.785320207645066,2.0,422,170,296.0
21438,5.855469723931007,5.835817052866757,0.01965267106425017,850,34,0.17221969776267668,R. Inglese,0.049857581123117604,1.6951577581859985,0.0,469,1096,782.5
21468,4.892525469767861,5.408884642878547,-0.5163591731106862,1416,37,0.13223041810183409,M. Perin,0.4646554867935924,17.19225301136292,2.0,678,251,464.5
21494,6.198105553048663,6.699107637163252,-0.5010020841145888,1382,38,0.16310804086970165,A. Cordaz,0.6336659105069695,24.07930459926484,2.0,512,68,290.0
21507,7.031381932753138,5.758784008529037,1.272597924224101,1790,32,0.21973068539853557,D. Baselli,0.26564558583454684,8.500658746705499,1.0,259,663,461.0
21517,0.41896751755848527,0.3777262318180874,0.04124128574039787,201,12,0.03491395979654044,E. Schiavon,0.13157440631497966,1.5788928757797558,0.0,1117,943,1030.0
21528,4.495332377264276,2.9323841023724526,1.5629482748918235,1823,37,0.12149546965579125,F. Ceccherini,0.4006823351276882,14.825246399724463,1.0,753,359,556.0
21564,8.109642694542185,6.012184672710486,2.0974580218316987,2237,35,0.23170407698691955,I. Radovanović,0.5023143003412522,17.581000511943827,1.0,220,189,204.5
21578,2.3327028832053767,2.1788201023945586,0.15388278081081808,782,13,0.1794386833234905,G. Di Chiara,0.6065860554626255,7.88561872101413,1.0,431,82,256.5
21607,9.957231897676364,9.299795782591216,0.6574361150851473,2336,33,0.3017342999295868,F. Cacciatore,0.6056679331041416,19.98704179243667,1.0,93,83,88.0
21620,3.7578800142798574,2.8685600379537792,0.8893199763260782,1240,30,0.1252626671426619,J. Kurtič,0.16977217194215422,5.093165158264626,1.0,724,872,798.0
21639,6.2980509718181565,5.604322470375337,0.6937285014428198,1482,26,0.2422327296853137,L. Ceppitelli,0.5663672103937114,14.725547470236496,1.0,193,107,150.0
21655,6.610672102865763,5.748702802436426,0.8619693004293367,1387,32,0.2065835032145551,A. Stoian,0.4715458971855043,15.089468709936138,0.0,313,241,277.0
21678,0.13813376252073795,0.2898579308530316,-0.15172416833229363,541,15,0.00920891750138253,L. Del Pinto,0.09279677735156255,1.3919516602734383,1.0,1160,1022,1091.0
21842,7.022608619643376,7.0463861823026095,-0.02377756265923381,2176,34,0.20654731234245222,C. Biraghi,0.5272859384693117,17.9277219079566,3.0,314,161,237.5
21861,0.22784344875253737,-0.29833400913048536,0.5261774578830227,560,31,0.00734978866943669,D. Falcinelli,0.06214381411994007,1.9264582377181423,0.0,1162,1074,1118.0
21865,2.028000266661614,1.7408321632749661,0.287168103386648,543,29,0.06993104367798669,M. Sau,0.0768839949328197,2.229635853051771,0.0,1026,1057,1041.5
21894,0.50153407396283,0.5110684554092586,-0.009534381446428597,595,21,0.02388257495061095,Keko,0.10311721837568069,2.1654615858892945,0.0,1141,996,1068.5
22020,-0.7001745389115736,-0.5283527954288497,-0.17182174348272383,527,20,-0.035008726945578675,A. Galabinov,-0.03419956320866447,-0.6839912641732894,0.0,1194,1204,1199.0
22093,5.338590411818586,3.4709744475549087,1.8676159642636776,1380,33,0.16177546702480564,A. Caracciolo,0.2694912598565675,8.893211575266728,1.0,518,659,588.5
22099,1.7976906483266504,1.116601427176036,0.6810892211506143,1110,23,0.07816046297072393,M. Büchel,0.2417444658174507,5.560122713801366,1.0,980,714,847.0
22107,4.10547707923688,4.3909244179492815,-0.2854473387124017,2472,25,0.1642190831694752,Mário Rui,0.4493632225878064,11.23408056469516,1.0,503,279,391.0
22135,1.0632986585569828,1.1726196629188284,-0.10932100436184555,309,16,0.06645616615981143,P. Iemmello,0.0379759406585364,0.6076150505365824,0.0,1034,1128,1081.0
22158,1.1940663463901728,0.8060905986931175,0.38797574769705534,374,12,0.09950552886584774,I. Cofie,0.17923929693054855,2.1508715631665827,1.0,867,850,858.5
22162,7.212334543983452,5.55256511555519,1.6597694284282625,2074,32,0.22538545449948288,F. Magnanelli,0.5270984602904545,16.867150729294544,1.0,239,164,201.5
22163,5.221221401938237,3.7131599707063287,1.5080614312319085,1577,35,0.14917775434109248,S. Missiroli,0.2903279823677617,10.16147938287166,1.0,592,619,605.5
22185,8.794550990857184,7.637616468182765,1.156934522674419,1816,30,0.29315169969523946,B. Martella,0.6294465120138034,18.883395360414102,1.0,108,71,89.5
22202,8.446810277062468,8.699288458214141,-0.2524781811516732,724,33,0.2559639477897718,S. Zaza,0.032936730385836624,1.0869121027326085,0.0,158,1145,651.5
22270,6.386884625535458,5.685155256418511,0.701729369116947,2003,30,0.21289615418451527,G. Ferrari,0.5513970846623992,16.541912539871976,1.0,289,122,205.5
22313,4.843265749979764,4.733413023175672,0.10985272680409253,1321,22,0.22014844318089838,V. Laurini,0.5269189669799104,11.592217273558028,1.0,257,165,211.0
22323,2.384354166524485,1.7672141463970765,0.6171400201274082,890,17,0.14025612744261676,L. Memushaj,0.4522546006260238,7.688328210642404,0.0,632,273,452.5
22377,4.004642354790121,3.3209888519486412,0.6836535028414801,1306,25,0.16018569419160486,I. M'baye,0.32392925975076936,8.098231493769234,1.0,522,539,530.5
22380,7.288047677077353,6.320411150980741,0.9676365260966122,1761,35,0.20822993363078152,M. Benassi,0.25637941569185313,8.97327954921486,1.0,309,682,495.5
22381,4.333291143838316,3.71714310029801,0.6161480435403064,1175,28,0.15476039799422558,Daniel Bessa,0.19620523577860277,5.493746601800877,1.0,554,810,682.0
22383,5.036247741268948,3.976057786099613,1.060189955169335,1107,26,0.19370183620265186,A. Duncan,0.41274763314757323,10.731438461836904,0.0,365,338,351.5
22552,0.854732948471792,1.7788497325964272,-0.9241167841246352,528,15,0.05698219656478613,V. Belec,0.29281311531443494,4.392196729716524,2.0,1058,614,836.0
22566,7.358939151323147,7.527753051763147,-0.16881390044,2198,32,0.22996684847884835,A. Florenzi,0.6425705446425316,20.56225742856101,1.0,227,62,144.5
22578,3.588306065417573,3.705479776488364,-0.11717371107079089,328,18,0.19935033696764293,N. Sansone,0.038964922402534935,0.7013686032456289,3.0,345,1125,735.0
22677,0.07585505419410765,0.7378715905360878,-0.6620165363419801,638,12,0.006321254516175638,G. Angella,0.3617880634947986,4.341456761937583,1.0,1164,448,806.0
22695,5.196420503783718,5.026121293896556,0.17029920988716185,1593,24,0.21651752099098823,N. Viola,0.5531488350356174,13.275572040854817,3.0,272,119,195.5
22699,-0.14108333044964821,-0.07451291947904974,-0.06657041097059846,414,30,-0.004702777681654941,A. Ragusa,0.08169313067571729,2.4507939202715185,0.0,1173,1049,1111.0
22732,3.95429520169273,2.6867551661562175,1.2675400355365127,1311,24,0.16476230007053042,F. Pisacane,0.5085908394251379,12.20618014620331,1.0,499,182,340.5
22864,0.9812441591024399,1.018896911231801,-0.03765275212936103,458,17,0.0577202446530847,L. Mora,0.3126758590962678,5.315489604636553,1.0,1056,568,812.0
22883,3.919601794099435,2.7123750641476363,1.207226729951799,1045,16,0.2449751121312147,A. Izzo,0.6077913449899001,9.724661519838401,1.0,186,80,133.0
22889,1.3040511605665088,1.6173930411329493,-0.3133418805664405,929,24,0.054335465023604534,D. Zappacosta,0.16926416140952696,4.062339873828647,0.0,1067,874,970.5
22933,2.951512473169714,4.052981364773586,-1.1014688916038722,1011,33,0.08943977191423376,L. Pavoletti,0.06604689641827173,2.179547581802967,0.0,919,1072,995.5
23149,-0.1250048247503787,-0.04628484280432757,-0.07871998194605112,202,15,-0.00833365498335858,G. Defrel,-0.0028986164351216316,-0.04347924652682447,0.0,1177,1192,1184.5
23314,-0.2777727710895911,-0.3440778494228348,0.06630507833324373,869,28,-0.009920456110342538,Diego Farias,0.11403349242702625,3.192937787956735,0.0,1180,977,1078.5
23386,1.9626554722487928,1.8588993766168134,0.1037560956319794,310,11,0.17842322474989025,L. Rizzo,0.1519255900384099,1.671181490422509,3.0,437,905,671.0
23427,2.5534791979361326,1.5031593662342058,1.0503198317019269,886,17,0.15020465870212546,M. Fossati,0.31568412454528266,5.366630117269805,1.0,585,561,573.0
23705,2.888618449680507,3.533788132481277,-0.6451696828007698,1162,37,0.07807076891028397,M. Sportiello,0.1876908475886044,6.944561360778363,2.0,981,831,906.0
24269,0.5863091036171914,0.8523244012340233,-0.26601529761683196,528,24,0.02442954598404964,M. Coda,0.04353876894410947,1.0449304546586273,0.0,1138,1113,1125.5
24838,4.967459593893029,4.582769338966347,0.3846902549266815,1731,29,0.17129171013424238,G. Letizia,0.45910012667991507,13.313903673717537,0.0,475,260,367.5
24964,1.7213576012291014,1.532451150356792,0.1889064508723095,542,22,0.07824352732859552,M. Pucciarelli,0.08097283517816554,1.7814023739196418,0.0,978,1052,1015.0
25381,3.1809678146382794,3.0104470887454227,0.17052072589285672,1305,36,0.08836021707328554,H. Lloris,0.2585601538419194,9.308165538309098,2.0,925,677,801.0
25393,5.2387294948566705,4.4434394190320745,0.795290075824596,2013,28,0.1870974819591668,D. Lovren,0.4760512595598613,13.329435267676116,1.0,396,234,315.0
25397,4.448245602892712,4.513584465254098,-0.06533886236138642,1899,25,0.17792982411570846,S. Umtiti,0.4720201429349048,11.80050357337262,1.0,439,239,339.0
25405,3.169011941063218,2.288247808464803,0.880764132598415,899,16,0.1980632463164511,M. Gonalons,0.3639636219206026,5.823417950729642,1.0,351,444,397.5
25413,9.565395122455858,9.73267546197535,-0.16728033951949328,959,32,0.29891859757674555,A. Lacazette,0.10254704387915195,3.2815054041328624,0.0,100,998,549.0
25421,3.3137840589042753,3.8514002432348207,-0.5376161843305454,1485,37,0.08956173132173717,S. Sirigu,0.27278859784753823,10.093178120358914,2.0,917,653,785.0
25430,3.958322246093303,2.334979117149487,1.6233431289438158,956,19,0.20833274979438438,M. Sakho,0.3260401913839923,6.194763636295854,1.0,308,533,420.5
25437,4.804466271423735,4.167773105669767,0.6366931657539681,1666,32,0.1501395709819917,B. Matuidi,0.23576496307352388,7.544478818352764,1.0,586,724,655.0
25445,4.894875080735847,4.831013716702774,0.06386136403307319,356,25,0.19579500322943388,K. Gameiro,0.044051625331320635,1.101290633283016,0.0,359,1112,735.5
25452,0.9969507990172133,1.4173667503055185,-0.4204159512883052,523,12,0.08307923325143445,S. Corchia,0.27422869029886043,3.290744283586325,1.0,954,651,802.5
25461,3.462445651342161,3.491617242035456,-0.029171590693295002,1094,27,0.12823872782748744,R. Boudebouz,0.1891573576640101,5.107248656928273,3.0,707,828,767.5
25472,7.026168904356405,6.955845202059232,0.07032370229717344,495,15,0.468411260290427,C. Bakambu,0.14349108472933633,2.152366270940045,0.0,17,922,469.5
25537,2.500867767459713,1.219207294252701,1.2816604732070118,1084,27,0.09262473212813752,G. Krychowiak,0.22158414822536124,5.9827720020847535,1.0,907,757,832.0
25541,13.43565786987281,12.171632671926343,1.2640251979464665,2653,36,0.37321271860757804,J. Veretout,0.5780445464715496,20.809603672975783,3.0,39,100,69.5
25553,11.816214491031133,9.910337008419447,1.905877482611686,3269,37,0.31935714840624685,Azpilicueta,0.6753449949425185,24.987764812873184,1.0,74,50,62.0
25558,5.906705729663372,4.154777068411931,1.7519286612514406,2102,37,0.15964069539630735,N. N'Koulou,0.30699726443456443,11.358898784078884,1.0,525,582,553.5
25571,7.0074254808442,6.618121957495555,0.3893035233486444,1372,36,0.19465070780122776,J. Ayew,0.08188000956903957,2.9476803444854247,0.0,362,1047,704.5
25572,2.0106224355713724,1.5358249403962194,0.474797495175153,807,30,0.06702074785237908,A. Ayew,0.07617477457877773,2.285243237363332,0.0,1032,1058,1045.0
25577,5.350553010097451,5.574327092474073,-0.22377408237662166,564,23,0.2326327395694544,L. Rémy,0.04962969142678299,1.1414829028160087,0.0,217,1097,657.0
25601,5.288982277037576,5.433265494881198,-0.14428321784362197,177,11,0.4808165706397796,C. Diabaté,0.04416772977451754,0.485845027519693,0.0,15,1111,563.0
25623,7.223839607089758,6.269862755783834,0.9539768513059244,2039,31,0.2330270840996696,G. Kondogbia,0.348419444140779,10.80100276836415,1.0,216,486,351.0
25701,1.024899430689402,0.9079845011001453,0.11691492958925664,676,12,0.08540828589078349,L. Digne,0.14142288237877423,1.697074588545291,1.0,939,927,933.0
25706,7.266017840942368,4.727773549617268,2.5382442913250998,2092,33,0.2201823588164354,I. Gueye,0.2355323617712019,7.772567938449662,1.0,255,725,490.0
25707,15.998714583443903,16.15383437914537,-0.1551197957014665,1974,34,0.4705504289248207,E. Hazard,0.36861082757414826,12.53276813752104,3.0,16,430,223.0
25726,12.444145617773756,10.5367763962131,1.907369221560657,3369,35,0.35554701765067875,K. Koulibaly,0.7530867943265013,26.358037801427546,1.0,45,17,31.0
25747,10.328338357846253,10.559410749578849,-0.23107239173259586,1358,29,0.35614959854642253,S. Mané,0.23027413248965664,6.677949842200043,0.0,44,741,392.5
25785,4.267043811152689,4.889645122457296,-0.6226013113046065,1284,17,0.25100257712662877,S. Aurier,0.4002625791571127,6.8044638456709166,1.0,168,360,264.0
25795,7.2267400255659595,7.1564240757143125,0.07031594985164702,656,25,0.2890696010226384,W. Ben Yedder,0.09388219423782013,2.3470548559455033,0.0,112,1019,565.5
25798,3.597717492546886,2.6074409160614014,0.9902765764854848,1109,23,0.15642249967595157,E. Capoue,0.2139032065317441,4.919773750230115,1.0,541,775,658.0
25804,1.2175441260850057,1.1393273608926684,0.07821676519233733,1125,33,0.03689527654803048,M. Sissoko,0.13974572085687986,4.611608788277035,1.0,1113,930,1021.5
25849,4.240075693539344,4.445282840825618,-0.20520714728627354,1105,11,0.3854614266853949,F. Ghoulam,0.5348281216764517,5.883109338440969,3.0,36,150,93.0
25854,5.755171738914214,3.672815644182265,2.0823560947319493,1589,34,0.16926975702688865,K. Zouma,0.38342115112235486,13.036319138160065,1.0,483,392,437.5
25865,2.8171980318017305,2.7535242888713256,0.06367374293040484,235,16,0.17607487698760815,B. Sako,0.14825285668105678,2.3720457068969085,0.0,452,915,683.5
25867,6.085973112207331,6.213755046545021,-0.12778193433769047,437,13,0.4681517778621024,P. Aubameyang,0.16610296100533223,2.159338493069319,0.0,18,881,449.5
25878,2.7546833319356665,1.1086374500300735,1.646045881905593,738,17,0.16204019599621566,T. Heurtaux,0.33877759027996435,5.759219034759394,1.0,517,508,512.5
25888,4.508684307301629,3.7359336427410397,0.7727506645605899,1391,31,0.1454414292677945,F. Fajr,0.3817259165262941,11.833503412315117,3.0,607,399,503.0
25898,2.488057504553348,2.4560678086997942,0.03198969585355371,866,26,0.095694519405898,M. Niang,0.13096085350057957,3.404982191015069,0.0,881,945,913.0
25950,5.824299034927041,5.2348199569704015,0.5894790779566392,1526,33,0.17649391014930427,A. Knockaert,0.2519293288535146,8.313667852165981,3.0,447,697,572.0
26000,2.122679954394698,1.6436201881151646,0.4790597662795335,448,10,0.2122679954394698,B. Dabo,0.23920620210488072,2.3920620210488073,1.0,292,719,505.5
26010,3.227100194664672,3.376096753636375,-0.14899655897170305,444,29,0.11127931705740249,O. Giroud,0.03537499349209819,1.0258748112708476,0.0,808,1134,971.0
26032,1.1542277393164113,0.5544935752404854,0.599734164075926,444,19,0.06074882838507428,C. Doukouré,0.07269971682020383,1.381294619583873,0.0,1049,1065,1057.0
26150,18.07498429091275,18.12195999656897,-0.046975705656223,2022,36,0.5020828969697986,R. Mahrez,0.49958358622133114,17.985009103967922,3.0,12,192,102.0
26167,0.3075434867059812,0.37590123643167317,-0.06835774972569197,438,27,0.011390499507628934,C. Beauvue,0.03441096118549675,0.9290959520084121,0.0,1156,1138,1147.0
26307,6.744129098020494,4.556133939651772,2.1879951583687216,2554,34,0.19835673817707336,A. Mandi,0.4504657203539258,15.315834492033478,1.0,350,275,312.5
26332,2.753437895560637,1.5611475214827806,1.1922903740778565,733,15,0.18356252637070913,P. Baysse,0.31503317303189327,4.725497595478399,1.0,410,564,487.0
26373,2.279278465368785,1.8187424373431131,0.46053602802567184,1051,22,0.10360356660767205,S. Souprayen,0.3218693792686716,7.081126343910775,1.0,842,548,695.0
26495,3.9752318592509255,3.4672923964681104,0.5079394627828151,1394,25,0.159009274370037,G. Bong,0.485445703530895,12.136142588272374,1.0,530,217,373.5
26499,3.933860392891802,3.054253092268482,0.87960730062332,1313,27,0.14569853307006675,A. Masuaku,0.37855870924659635,10.221085149658101,0.0,605,406,505.5
26518,2.4070564256981015,1.5101886591874063,0.8968677665106952,1052,22,0.10941165571355006,C. Sánchez,0.1965751665580818,4.3246536642777995,1.0,817,809,813.0
26610,0.8145942843984812,0.8667651009745896,-0.052170816576108336,99,13,0.06266109879988317,D. Sakho,-0.005423327920122085,-0.0705032629615871,,1044,1194,1119.0
26652,8.330862216122448,7.244552464393899,1.0863097517285496,2053,35,0.23802463474635566,D. Wass,0.3450540369082428,12.076891291788499,3.0,202,491,346.5
28291,4.158734062802978,3.420346111874096,0.7383879509288818,1425,29,0.1434046228552751,T. Bakayoko,0.22435899163968442,6.5064107575508485,1.0,615,753,684.0
28292,12.335389762651175,10.446657588589005,1.88873217406217,2814,37,0.3333889125040858,A. Doucouré,0.3925722046789992,14.525171573122972,1.0,59,373,216.0
29640,3.7729926835745573,2.1484691243385896,1.6245235592359677,1314,25,0.1509197073429823,M. Lemina,0.21562773546394015,5.390693386598504,1.0,581,769,675.0
31528,8.875270635122433,6.877860652748495,1.997409982373938,2626,34,0.261037371621248,N. Kanté,0.4013431773788258,13.645668030880078,1.0,150,355,252.5
32577,3.895561564830132,2.596046724356711,1.299514840473421,1020,21,0.1855029316585777,Sidnei,0.3672201396922383,7.711622933537005,1.0,403,436,419.5
32636,3.67434081126377,3.8331156386379153,-0.1587748273741454,376,14,0.2624529150902693,C. Tosun,-0.010592344353677886,-0.1482928209514904,0.0,148,1199,673.5
32652,3.6433087159814312,3.5146357152545824,0.12867300072684884,1065,26,0.14012725830697811,E. Çolak,0.39873325353718775,10.367064591966882,3.0,634,364,499.0
32968,2.1053321052975953,2.694198609439656,-0.5888665041420609,990,33,0.06379794258477561,N. Amrabat,0.1620012766458581,5.346042129313317,0.0,1041,892,966.5
37725,3.2532860501669347,2.390496470266953,0.8627895798999816,1241,33,0.09858442576263439,C. Kouyaté,0.12838536388547894,4.236717008220805,1.0,870,950,910.0
37732,5.456122898024507,4.256198656738736,1.1999242412857711,1937,28,0.1948615320723038,L. Biglia,0.3223505042163611,9.02581411805811,1.0,361,547,454.0
37739,5.00955772608798,4.178609665942378,0.8309480601456016,2015,32,0.15654867894024938,D. Praet,0.3261796953197373,10.437750250231593,1.0,539,532,535.5
37745,2.5508482520235702,2.4218603463377804,0.12898790568578988,1028,30,0.08502827506745234,J. Lukaku,0.08178086674716392,2.4534260024149175,0.0,941,1048,994.5
37831,10.989954823477872,11.496586541844279,-0.5066317183664069,805,35,0.3139987092422249,C. Bacca,0.09781538620753404,3.423538517263691,0.0,80,1008,544.0
37836,0.23594766922481358,0.2516797724850476,-0.015732103260234,335,12,0.019662305768734466,M. Lestienne,0.20350652460279198,2.442078295233504,3.0,1145,791,968.0
38021,16.57898373521492,17.06822465294134,-0.48924091772641987,3528,37,0.4480806414922951,K. De Bruyne,0.8393292111700216,31.055180813290796,3.0,22,8,15.0
38031,-1.8554960558503344,-1.8204206337067708,-0.03507542214356363,751,31,-0.059854711479043046,C. Benteke,0.03334548162455047,1.0337099303610646,0.0,1203,1143,1173.0
38093,1.1546907760202885,1.204852539114654,-0.0501617630943656,137,12,0.09622423133502404,M. Batshuayi,0.03614852690315454,0.43378232283785445,0.0,875,1131,1003.0
38094,0.3428050810471177,0.3171130772680044,0.025692003779113293,212,10,0.03428050810471177,I. Ezekiel,0.1331003087317434,1.3310030873174339,0.0,1119,937,1028.0
38377,4.000622503692284,4.023113541654311,-0.022491037962026894,592,30,0.13335408345640948,L. Depoitre,0.00897068322073078,0.2691204966219234,0.0,671,1182,926.5
38436,1.5493126552319154,1.3036724647972733,0.24564019043464214,165,10,0.15493126552319153,C. Santos,-0.02203960732369587,-0.2203960732369587,0.0,550,1202,876.0
38532,5.930325067889877,4.310340707943775,1.619984359946102,1991,32,0.18532265837155865,E. Zukanović,0.5519309871130691,17.66179158761821,1.0,405,120,262.5
40538,1.277832665364258,1.3827772435033694,-0.1049445781391114,683,14,0.09127376181173272,Leandro Castán,0.38780413063649544,5.429257828910936,1.0,910,381,645.5
40550,6.877330903196707,6.707833726541139,0.16949717665556818,1497,34,0.2022744383293149,Paulinho,0.14957370113892482,5.085505838723444,1.0,338,912,625.0
40614,3.0888422015085815,1.953701347341761,1.1351408541668206,1806,31,0.09964007101640586,Guilherme,0.31228111731660146,9.680714636814646,1.0,866,569,717.5
40726,8.97998459467385,7.799447618356906,1.1805369763169438,2289,38,0.23631538407036445,Allan,0.2582277321757682,9.812653822679193,1.0,210,678,444.0
40756,8.807882574037649,7.128375346306711,1.6795072277309373,2127,30,0.29359608580125496,Casemiro,0.33880095910579033,10.16402877317371,1.0,107,507,307.0
40770,7.530922449660405,8.155074134469881,-0.6241516848094761,1224,34,0.22149771910765897,Willian José,0.03442527733444398,1.1704594293710953,0.0,249,1137,693.0
40806,6.964538223170675,7.089344655689783,-0.12480643251910806,1022,21,0.33164467729384167,Felipe Anderson,0.40569034043379576,8.51949714910971,3.0,61,345,203.0
41034,7.595121184363961,5.676309120608494,1.9188120637554675,2115,31,0.245003909173031,Rafael Tolói,0.5572966343405606,17.27619566455738,1.0,185,114,149.5
41124,0.7980318994959816,0.6361254067160189,0.16190649277996272,539,11,0.07254835449963469,Naldo,0.26376715400905915,2.901438694099651,1.0,1015,668,841.5
41174,8.636597369141624,8.055331429159947,0.5812659399816766,1633,27,0.319873976634875,M. Lanzini,0.3880564948424689,10.477525360746661,3.0,72,380,226.0
41363,3.074525196920149,2.2967918989015743,0.7777332980185747,1683,30,0.10248417323067163,Gabriel,0.3858519538410283,11.575558615230849,1.0,846,385,615.5
43051,4.565471075098708,4.234219533829696,0.3312515412690118,1528,29,0.15743003707236924,Gabriel,0.29461703754862656,8.54389408891017,1.0,535,608,571.5
44251,3.3838402238711716,2.817174736157991,0.5666654877131805,1009,18,0.18799112354839842,Bruno Peres,0.3273309493803091,5.8919570888455635,1.0,390,525,457.5
44510,2.1345334307989106,1.8605517459800467,0.27398168481886387,818,19,0.11234386477889002,Vitor Hugo,0.28903078292604506,5.491584875594856,1.0,803,624,713.5
45579,0.9301355977077037,0.44676623854320496,0.48336935916449875,334,10,0.09301355977077037,Everton Luiz,0.08413554743052412,0.8413554743052412,1.0,902,1040,971.0
49857,2.409080399782397,1.4375149237457663,0.9715654760366306,580,20,0.12045401998911984,A. Ajeti,0.19687446456055369,3.9374892912110737,1.0,762,808,785.0
49859,1.4260503115365282,0.9347088861977682,0.49134142533876,466,11,0.12964093741241164,A. Dragović,0.3265092432792838,3.591601676072122,1.0,695,530,612.5
49872,14.052944876172326,14.063004538335584,-0.010059662163257599,1722,36,0.3903595798936757,X. Shaqiri,0.48671788655813397,17.521843916092823,3.0,33,212,122.5
49876,10.128910757718607,8.236934984220191,1.891975773498416,3688,38,0.2665502830978581,G. Xhaka,0.6277427340580655,23.854223894206488,1.0,137,73,105.0
49971,2.035952224745415,2.2126417056424543,-0.17668948089703918,663,15,0.13573014831636102,M. Bauer,0.3483509594642033,5.22526439196305,1.0,658,487,572.5
49979,1.227789945683442,1.4809083931772038,-0.2531184474937618,508,11,0.11161726778940383,D. Pavlovic,0.6327258633030339,6.959984496333373,3.0,804,69,436.5
49991,11.07456604438182,9.708428174725734,1.366137869656086,2669,35,0.3164161726966234,R. Freuler,0.48409540743874485,16.94333926035607,1.0,76,222,149.0
50007,4.286200352245942,3.156301670940593,1.1298986813053489,2073,30,0.14287334507486474,B. Djimsiti,0.4365926081484179,13.097778244452536,1.0,621,296,458.5
50069,6.457682589938864,6.138254472458735,0.319428117480129,1205,24,0.26907010791411934,S. Widmer,0.3948925695741607,9.477421669779856,1.0,134,370,252.0
50073,1.7251396450446919,0.8840680287685245,0.8410716162761673,1268,36,0.047920545695685886,A. Ioniţă,0.1468125179108681,5.285250644791252,1.0,1082,917,999.5
50102,5.667762411292642,3.9371205212082714,1.730641890084371,1330,25,0.22671049645170568,F. Schär,0.5137898685745266,12.844746714363163,1.0,234,176,205.0
50272,-0.6871403995901346,-0.6449286446440965,-0.04221175494603813,109,12,-0.05726169996584455,O. Kayode,-0.00210847168099197,-0.02530166017190364,0.0,1202,1188,1195.0
50805,4.164327695616521,2.498961634701118,1.665366060915403,1626,29,0.14359750674539729,F. Helander,0.4495954972831521,13.038269421211412,1.0,614,278,446.0
50849,3.546256586210802,2.960737031069584,0.585519555141218,930,31,0.11439537374873555,E. Berisha,0.27848195821839977,8.632940704770393,2.0,792,646,719.0
51004,5.775846364442259,3.977823866298422,1.7980224981438369,1455,32,0.1804951988888206,C. Borges,0.23377013759689222,7.480644403100551,1.0,426,731,578.5
51064,1.272602847777307,1.2985063599189743,-0.025903512141667306,674,12,0.10605023731477559,E. Krafth,0.3519738564505574,4.223686277406689,1.0,835,473,654.0
51145,2.8513060508724304,3.192063118187711,-0.34075706731528044,832,15,0.19008707005816203,O. Hiljemark,0.49456979189570577,7.418546878435587,3.0,381,197,289.0
51151,3.17866737768054,2.128614788292907,1.050052589387633,733,26,0.12225643760309769,M. Rohdén,0.1748157586748179,4.5452097255452655,1.0,745,861,803.0
55979,5.446510371053591,3.2276140335015953,2.218896337551996,2058,38,0.143329220290884,M. Jørgensen,0.4533331990562171,17.22666156413625,1.0,617,271,444.0
56009,2.500012646306306,2.6840775743993,-0.1840649280929938,1343,24,0.1041671935960961,R. Durmisi,0.2017980435035729,4.843153044085749,1.0,838,796,817.0
56025,2.8631698074163867,2.405053852183744,0.4581159552326426,905,24,0.11929874197568278,M. Krohn-Dehli,0.22753823988596608,5.460917757263186,1.0,764,746,755.0
56026,5.8104326216205955,4.644766047241166,1.1656665743794292,1674,30,0.19368108738735318,J. Stryger Larsen,0.4037623745883088,12.112871237649264,1.0,366,349,357.5
56038,5.404136735829525,6.497647364274599,-1.093510628445074,1517,38,0.14221412462709276,J. Lössl,0.7056535225037489,26.814833855142457,2.0,623,38,330.5
58978,1.5264945212984458,1.4041240867227316,0.12237043457571417,772,20,0.07632472606492229,G. Cameron,0.36139573643127637,7.227914728625527,1.0,991,451,721.0
61390,4.94167270034086,5.717350966413505,-0.7756782660726458,1314,38,0.1300440184300226,M. Ryan,0.5324969144743783,20.234882750026376,2.0,692,155,423.5
61941,1.5373748283600435,2.1184011748991907,-0.5810263465391472,575,20,0.07686874141800218,F. Forster,0.486079186638494,9.72158373276988,2.0,986,214,600.0
61961,1.3133142732549459,0.8582791690714657,0.45503510418348014,362,18,0.07296190406971921,B. Kayal,0.13208753380989996,2.377575608578199,1.0,1012,941,976.5
61962,5.972229350454174,5.03688773918245,0.9353416112717241,1123,25,0.23888917401816695,Sung-Yeung Ki,0.2569680155235257,6.424200388088143,3.0,199,680,439.5
61967,2.6115926034981385,1.9603580806870013,0.6512345228111371,772,17,0.15362309432341992,V. Wanyama,0.22991949050033522,3.9086313385056988,1.0,563,742,652.5
61988,5.063859435816296,4.474301001842134,0.5895584339741617,1295,23,0.22016780155723026,S. Davis,0.3239958020820319,7.451903447886733,1.0,256,537,396.5
62224,8.991317173399963,8.514796632508748,0.4765205408912152,1278,26,0.345819891284614,R. Fraser,0.3924043548054995,10.202513224942987,3.0,50,374,212.0
62389,10.447804917128503,8.914772057685747,1.5330328594427556,2539,36,0.2902168032535695,A. Mooy,0.5608835542934615,20.191807954564613,3.0,110,112,111.0
64966,2.753481834298931,2.7408757526297123,0.012606081669218838,745,14,0.19667727387849507,M. Suttner,0.567594981186497,7.946329736610958,1.0,356,106,231.0
65254,1.9966548689408228,1.5269914880627766,0.46966338087804615,784,17,0.1174502864082837,K. Wimmer,0.4182016423919906,7.10942792066384,1.0,776,331,553.5
68085,3.9247657548403367,3.387142913066782,0.5376228417735547,1239,28,0.14017020553001203,C. Kabasele,0.4034280081420993,11.29598422797878,1.0,633,351,492.0
69400,7.617889961570501,6.786932715324685,0.8309572462458163,2206,27,0.2821440726507593,M. Badelj,0.5362227091078985,14.478013145913259,1.0,122,148,135.0
69404,2.450862360241823,1.9340649968329817,0.5167973634088412,968,21,0.11670773144008681,M. Kovačić,0.2490222667289002,5.229467601306904,1.0,780,703,741.5
69409,2.7796179043846205,2.5931299727428705,0.18648793164175004,1127,21,0.1323627573516486,Š. Vrsaljko,0.3849810915572669,8.084602922702604,1.0,676,388,532.0
69513,4.005965079180896,3.983391536748968,0.022573542431928217,590,21,0.19076024186575696,A. Budimir,0.05568691566073375,1.1694252288754088,0.0,379,1089,734.0
69968,8.588845757526345,8.307806282528675,0.28103947499766946,2119,31,0.27705954056536597,M. Brozović,0.47198170116058985,14.631432735978285,3.0,128,240,184.0
70083,4.477373733185232,4.359263596939854,0.11811013624537736,1428,22,0.203516987872056,Danilo,0.2831424682843551,6.229134302255812,1.0,330,635,482.5
70084,7.9229922940721735,8.023418978787959,-0.10042668471578509,2085,26,0.30473047284892973,Alex Sandro,0.32062165537274534,8.336163039691378,1.0,90,553,321.5
70085,0.7989071814808995,0.47410189593210816,0.3248052855487913,477,11,0.07262792558917268,E. Mangala,0.28429981885634964,3.1272980074198458,1.0,1014,634,824.0
70086,10.754417846444994,9.540663482854143,1.2137543635908514,3570,34,0.31630640724838216,N. Otamendi,0.7143798403172779,24.288914570787448,1.0,77,34,55.5
70092,5.1660907531557605,4.075654261389747,1.0904364917660132,1348,24,0.21525378138149,S. Defour,0.3801266578807143,9.123039789137144,1.0,275,402,338.5
70112,3.5288223144598305,2.2089369017630816,1.319885412696749,1341,24,0.14703426310249293,E. Garay,0.3699534029211944,8.878881670108665,1.0,598,428,513.0
70120,4.087288835900836,2.891050366102718,1.1962384697981179,1894,32,0.12772777612190112,Javi García,0.20955502649140118,6.705760847724838,1.0,711,783,747.0
70122,10.171391007428989,7.58233264478296,2.5890583626460284,3114,36,0.2825386390952497,N. Matić,0.5409112671320706,19.472805616754542,1.0,119,140,129.5
70125,4.556590724068441,4.7806982896595525,-0.22410756559111178,911,30,0.15188635746894802,Nolito,0.1707496679503624,5.122490038510872,0.0,572,870,721.0
70129,13.8287255324784,13.925426420721903,-0.09670088824350387,1334,37,0.37374933871563243,Rodrigo,0.19465674297613286,7.202299490116916,0.0,38,815,426.5
70156,3.3397592742564157,3.0996444756034762,0.2401147986529395,1067,28,0.11927711693772913,A. Carrillo,0.2144409037644,6.0043453054032,0.0,765,773,769.0
70215,2.972165976405144,2.490475636078976,0.48169034032616764,839,28,0.10614878487161228,C. Atsu,0.18697482970380627,5.2352952317065755,0.0,834,835,834.5
70273,2.588389257900417,4.017777760513127,-1.42938850261271,997,37,0.069956466429741,J. Oblak,0.3421867373075889,12.66090928038079,2.0,1025,500,762.5
70389,5.215091858874075,5.464828748488799,-0.24973688961472362,2138,32,0.16297162058981485,Cédric Soares,0.5538219203168684,17.72230145013979,1.0,514,117,315.5
70403,1.5330916884122416,1.3481356542324647,0.1849560341797769,537,12,0.12775764070102014,Adrien Silva,0.23327722384810165,2.7993266861772197,1.0,710,733,721.5
70451,5.302314204047434,5.035016447072849,0.26729775697458535,2117,30,0.17674380680158114,Luisinho,0.5854534321351318,17.563602964053953,1.0,445,97,271.0
70507,1.9759162054397166,1.5915311835706234,0.3843850218690932,1191,26,0.07599677713229679,Paulo Oliveira,0.41071968090550953,10.678711703543248,1.0,992,341,666.5
70834,2.9893632895024496,2.8637588037587705,0.1256044857436791,546,12,0.24911360745853747,Guilherme,0.202698500212279,2.432382002547348,3.0,174,793,483.5
70965,3.5286862874366345,3.339277641704306,0.1894086457323283,1099,27,0.13069208471987534,João Mário,0.22955713064431016,6.198042527396375,3.0,689,743,716.0
70974,3.135082300619222,3.2587009047688915,-0.12361860414966941,388,11,0.2850074818744747,Iuri Medeiros,0.365202229988641,4.017224529875051,3.0,116,442,279.0
71654,3.194907057681121,2.261770182289183,0.9331368753919378,1197,37,0.08634883939678706,Ederson,0.1684661309381201,6.233246844710444,2.0,934,876,905.0
71703,2.87282607331872,1.9223016403848305,0.9505244329338893,934,15,0.191521738221248,V. Lindelöf,0.386933358042497,5.804000370637455,1.0,376,382,379.0
72397,5.37807656370569,5.353000722476281,0.02507584122940898,468,23,0.2338294158132909,Simy,-0.028035840282910954,-0.644824326506952,0.0,213,1203,708.0
77546,2.4496508036972955,1.9206643039360642,0.5289864997612312,1022,24,0.10206878348738731,A. Williams,0.33369322772515647,8.008637465403755,1.0,848,517,682.5
77548,6.545144949486479,4.291422118345276,2.2537228311412036,1871,36,0.18180958193018,J. Allen,0.24544052251833437,8.835858810660037,1.0,417,706,561.5
77552,1.0844431306468323,0.8519648613873869,0.23247826925944537,784,24,0.045185130443618014,N. Dyer,0.10966788685319785,2.6320292844767486,0.0,1095,984,1039.5
77557,0.5746006748424843,0.3974646948529407,0.17713597998954356,256,14,0.041042905345891736,W. Routledge,0.11453075867918391,1.6034306215085747,0.0,1103,976,1039.5
77558,10.039737069731578,9.590916635686531,0.44882043404504657,1225,27,0.37184211369376213,G. Sigurðsson,0.5426809188319327,14.652384808462182,3.0,40,138,89.0
82266,0.3085346627049148,0.31487550074234605,-0.00634083803743124,206,12,0.025711221892076235,L. Krejčí,0.05935276805151855,0.7122332166182226,1.0,1136,1081,1108.5
85113,3.4719787943176925,2.300510738394223,1.1714680559234694,1215,18,0.19288771079542735,A. Toșca,0.4785572074745357,8.614029734541642,1.0,370,229,299.5
86183,2.963155528064817,2.182931939722039,0.7802235883427784,1276,21,0.14110264419356272,F. Roncaglia,0.41135949628751184,8.638549422037748,1.0,625,340,482.5
86212,1.8738842618186027,2.89056928595528,-1.0166850241366774,1208,26,0.0720724716084078,G. Rulli,0.3404053334209896,8.85053866894573,2.0,1018,504,761.0
86220,2.562384305638261,2.0622509855311364,0.5001333201071247,1342,26,0.0985532425245485,G. Mercado,0.36018591251806154,9.3648337254696,1.0,871,455,663.0
86243,7.489759634016082,7.8607163787819445,-0.3709567447658628,848,31,0.24160514948438974,D. Zapata,0.06806985243009508,2.110165425332948,0.0,195,1070,632.5
86301,4.406486981719732,4.118543386048637,0.28794359567109495,1452,25,0.1762594792687893,L. Castro,0.37964976866925404,9.491244216731351,1.0,450,403,426.5
86307,3.071520463563502,3.1138700313167647,-0.04234956775326282,398,20,0.1535760231781751,L. Vietto,0.10094642880446784,2.018928576089357,0.0,564,999,781.5
86308,0.6955900937318802,0.14602609863504767,0.5495639950968325,495,16,0.04347438085824251,C. Yacob,0.13465360374975996,2.1544576599961593,1.0,1099,935,1017.0
86309,3.1092382501196116,2.463402810677886,0.6458354394417256,869,16,0.19432739063247573,B. Zuculini,0.22543068962524257,3.606891034003881,1.0,363,751,557.0
86319,3.2841443370562047,3.5201630833325908,-0.23601874627638608,1326,27,0.1216349754465261,L. Chichizola,0.45502324506282726,12.285627616696337,2.0,752,270,511.0
86328,4.797004206338897,3.4368992425734177,1.3601049637654796,2341,34,0.14108835900996758,G. Pezzella,0.5124293836437942,17.422599043889004,1.0,626,178,402.0
86366,3.6395225464366376,2.972553623258136,0.6669689231785014,1416,26,0.13998163640140915,J. Palomino,0.36060799416482314,9.375807848285401,1.0,638,452,545.0
86716,1.1629906515590847,0.3700300771743059,0.7929605743847787,421,13,0.08946081935069881,M. Dos Santos,0.25318645398657164,3.291423901825431,1.0,918,693,805.5
86828,3.7642204669537023,2.8761746261734515,0.8880458407802507,1518,23,0.16366175943276967,G. Pizarro,0.33922985774632175,7.8022867281654005,1.0,508,506,507.0
89186,17.29451355190728,17.690364357938655,-0.3958508060313761,1782,33,0.5240761682396146,P. Dybala,0.2186559898518382,7.2156476651106605,3.0,10,763,386.5
90268,7.847542202754624,6.133141606652856,1.7144005961017683,2129,32,0.245235693836082,E. Pulgar,0.44297895691184874,14.17532662117916,1.0,183,286,234.5
91064,2.017765930504538,1.1788631246890873,0.8389028058154508,677,17,0.11869211355909048,D. Torres,0.2492628717479868,4.237468819715776,1.0,770,702,736.0
91381,5.890939953736961,4.666202366701327,1.2247375870356336,899,31,0.19003032108828907,J. Izquierdo,0.028604459630171893,0.8867382485353287,0.0,382,1155,768.5
91702,3.9458628019168973,3.659190550035797,0.28667225188110024,1643,30,0.13152876006389658,J. Mojica,0.3567100873642899,10.701302620928697,0.0,685,464,574.5
92864,1.9415292952908203,2.428999819327146,-0.4874705240363255,444,15,0.12943528635272136,O. Karnezis,0.5625371738848113,8.43805760827217,2.0,699,111,405.0
92899,7.748247492820025,9.745271562476642,-1.997024069656618,1910,28,0.2767231247435723,J. Holebas,0.9485037309554395,26.558104466752305,3.0,129,3,66.0
92900,1.4013042564457283,1.2522835112595931,0.14902074518613517,416,11,0.12739129604052077,C. Lykogiannis,0.3494538709085774,3.8439925799943513,1.0,713,483,598.0
92908,1.2513565348926932,1.1068070656619966,0.14454946923069656,536,16,0.07820978343079332,V. Torosidis,0.2551801819760351,4.0828829116165615,1.0,979,686,832.5
92966,4.760476510738954,4.375380441197194,0.3850960695417598,1661,29,0.16415436243927428,K. Manolas,0.3827222825203508,11.098946193090173,1.0,504,395,449.5
93000,4.743436152785297,5.398892854137093,-0.6554567013517953,1831,34,0.13951282802309697,Antunes,0.7037175335152764,23.926396139519397,3.0,642,39,340.5
93003,2.9365150574594736,1.6755071699153632,1.2610078875441104,1015,24,0.1223547940608114,D. Siovas,0.33444587592544384,8.026701022210652,1.0,744,514,629.0
94828,1.9925777518199757,1.863031897066161,0.12954585475381464,494,22,0.09057171599181707,G. Shibasaki,0.07777403012701026,1.7110286627942257,3.0,912,1055,983.5
99452,2.4505389720434323,2.6429049992002547,-0.19236602715682238,200,15,0.1633692648028955,A. Milik,-0.0025197870521454758,-0.037796805782182134,0.0,510,1190,850.0
99511,3.4032609950518236,3.260011369478889,0.14324962557293475,253,21,0.16206004738342017,M. Stępiński,0.01926659324799988,0.4045984582079975,0.0,516,1166,841.0
99661,3.7943536498351023,2.7092762612737715,1.0850773885613307,1043,15,0.25295690998900683,T. Cionek,0.5398246888472966,8.097370332709449,1.0,163,142,152.5
99833,4.434566159849055,5.24659638479352,-0.8120302249444649,1933,31,0.1430505212854534,B. Bereszyński,0.48213746422082226,14.94626139084549,1.0,620,227,423.5
99902,5.635184679063968,5.337716585025191,0.29746809403877705,1613,36,0.1565329077517769,P. Zieliński,0.17683757625419955,6.366152745151184,1.0,540,858,699.0
101635,1.5801168321631849,1.973964102449827,-0.393847270286642,265,21,0.07524365867443737,F. Caicedo,0.048772566510822055,1.0242238967272632,0.0,996,1099,1047.5
101742,4.970946550356224,5.158946366385557,-0.18799981602933258,1388,25,0.19883786201424897,C. Ansaldi,0.4904983756728713,12.262459391821782,1.0,346,204,275.0
104851,1.2096514331642538,1.5263091620290652,-0.31665772886481136,386,12,0.10080428609702115,M. Dúbravka,0.4374560681449797,5.249472817739757,2.0,856,293,574.5
105333,8.319177027840846,8.616784272997387,-0.29760724515654147,1386,35,0.23769077222402415,Willian,0.2628516939912652,9.199809289694281,3.0,204,671,437.5
105334,7.21042012533173,7.221686216238886,-0.011266090907156467,1471,31,0.2325941975913461,Douglas Costa,0.2543296693102124,7.884219748616585,0.0,218,687,452.5
105338,3.451654209838249,3.838373430738226,-0.3867192208999768,1381,26,0.13275593114762496,H. Mkhitaryan,0.3529607509086795,9.176979523625667,3.0,674,471,572.5
105339,11.426430803196505,10.834852125201374,0.5915786779951304,3413,34,0.3360714942116619,Fernandinho,0.6219334945444562,21.14573881451151,1.0,55,74,64.5
105361,1.885284667013213,2.448889911517501,-0.5636052445042878,1040,17,0.11089909805960077,I. Strinić,0.4843989110557433,8.234781487947636,1.0,809,221,515.0
105376,2.7194178202189505,2.6830982386600226,0.036319581558927894,551,31,0.08772315549093389,N. Kalinić,0.0059985120965295605,0.18595387499241636,0.0,926,1185,1055.5
105541,7.09933305949989,7.676183133494027,-0.5768500739941373,1305,35,0.20283808741428258,Lucas Pérez,0.34486164951828324,12.070157733139913,3.0,334,492,413.0
105616,-0.11814999079797417,-0.009187397314235568,-0.1089625934837386,226,13,-0.009088460830613397,B. Ideye,0.009848505420463938,0.1280305704660312,0.0,1178,1180,1179.0
112366,2.688348628486507,3.161789755359292,-0.4734411268727854,857,16,0.16802178928040667,M. Layún,0.3772785869622106,6.03645739139537,1.0,488,410,449.0
115933,-1.2915035287077425,-1.184257827458985,-0.10724570124875754,417,28,-0.04612512602527652,G. Lapadula,0.03875377687054561,1.0851057523752772,0.0,1200,1126,1163.0
116171,4.224450466751799,3.9062126775437296,0.31823778920806944,764,22,0.1920204757614454,João Pedro,0.2078371773670227,4.572417902074499,0.0,372,784,578.0
116269,7.023012866437435,6.599317805780098,0.4236950606573373,1854,32,0.21946915207616985,D. Laxalt,0.3773180509867577,12.074177631576246,0.0,263,408,335.5
116283,5.137329018031247,4.896381568218581,0.24094744981266558,971,26,0.1975895776165864,D. Rolán,0.1428861666246008,3.715040332239621,0.0,354,924,639.0
116349,6.364598237731494,5.556177717572078,0.8084205201594159,1955,29,0.21946890474936187,M. Vecino,0.41390762237330814,12.003321048825937,1.0,264,337,300.5
119630,0.7505953341023996,0.8137065640185028,-0.06311122991610318,217,16,0.04691220838139998,I. Slimani,0.0363030052848288,0.5808480845572608,0.0,1088,1130,1109.0
119951,8.2911895099096,4.381191943306476,3.909997566603124,1706,38,0.2181891976292,Ahmed Hegazy,0.41622908855754287,15.81670536518663,1.0,267,334,300.5
120339,2.1716762041840703,1.275090327247046,0.8965858769370243,955,13,0.16705201570646694,Mohamed Elneny,0.30570982147884396,3.9742276792249718,1.0,493,586,539.5
120353,27.086319455914623,27.300003885329193,-0.21368442941457033,1568,36,0.752397762664295,Mohamed Salah,0.244878470492793,8.815624937740548,3.0,2,708,355.0
120631,2.5889743126463145,3.922532177064568,-1.3335578644182533,999,30,0.08629914375487716,Y. Bounou,0.5457023230166941,16.37106969050082,2.0,935,135,535.0
125250,0.8138507935218513,0.5950495332945138,0.21880126022733748,558,11,0.07398643577471375,Ó. Duarte,0.4581973733974559,5.040171107372015,1.0,1004,262,633.0
125286,3.3526173788122833,2.2050989900017157,1.1475183888105676,1282,22,0.15239169903692196,G. González,0.49591146228945693,10.910052170368052,1.0,569,196,382.5
127534,2.600028530791402,2.9944911827137695,-0.3944626519223675,867,21,0.12381088241863819,D. Lazović,0.35998904094622464,7.559769859870717,0.0,733,456,594.5
127537,9.047271312965847,7.1554622556379295,1.8918090573279187,2201,36,0.2513130920268291,L. Milivojević,0.39404289622550714,14.185544264118258,1.0,166,371,268.5
127928,3.5090763603122905,2.8048767153425143,0.7041996449697763,572,23,0.1525685374048822,D. Brašanac,0.12933723082160692,2.974756308896959,1.0,567,948,757.5
131184,2.2665955016752704,3.005610673212446,-0.7390151715371758,1202,23,0.09854763050762046,Ali Adnan,0.43555163490767795,10.017687602876594,1.0,872,299,585.5
134102,6.326481979107484,5.02049100806471,1.3059909710427746,2110,38,0.1664863678712496,N. Aké,0.3746588116662872,14.237034843318913,1.0,495,421,458.0
134174,7.77149503234867,7.346196366698481,0.4252986656501889,1509,30,0.2590498344116223,Samu Castillejo,0.29300602950517246,8.790180885155173,3.0,154,613,383.5
134249,3.271615903126076,2.9481333354488015,0.32348256767727435,618,27,0.12117095937503984,Rubén Sobrino,0.05121330381566119,1.3827592030228522,0.0,757,1093,925.0
134294,1.9831152817932889,1.299415193963796,0.683700087829493,771,25,0.07932461127173156,I. Hayden,0.11676905329965626,2.9192263324914065,1.0,972,970,971.0
134351,-0.3601559461094439,-0.3987049600109458,0.038549013901501894,207,16,-0.022509746631840244,B. Afobe,-0.0157530570667556,-0.2520489130680896,0.0,1190,1200,1195.0
134413,3.680083993007429,3.725694668246433,-0.045610675239004195,918,29,0.12689944803473893,A. Cragno,0.3818929665336548,11.074896029475989,2.0,716,398,557.0
134420,1.727629498206079,2.331135072140023,-0.6035055739339441,977,23,0.07511432600895995,F. Costa,0.28256017827723673,6.498884100376445,3.0,997,639,818.0
134427,4.134978313697502,3.6441069828579202,0.4908713308395818,1718,22,0.18795355971352282,D. Rugani,0.42426231244980583,9.333770873895729,1.0,391,322,356.5
134435,3.152649386203848,2.5785065612290055,0.5741428249748424,1112,28,0.11259462093585171,A. Grassi,0.0969610552736564,2.714909547662379,1.0,802,1011,906.5
134484,2.040050726742484,2.0021516421204435,0.03789908462204039,492,12,0.17000422722854033,A. Ciciretti,0.25297370074572206,3.035684408948665,3.0,481,695,588.0
134502,5.686778894509189,4.206855438067578,1.479923456441611,2106,28,0.20309924623247103,A. Laporte,0.6564674475512471,18.38108853143492,1.0,332,54,193.0
134503,6.8530388086801395,4.663740189396776,2.1892986192833632,2084,35,0.19580110881943255,C. Lenglet,0.44057210263638397,15.420023592273438,1.0,358,289,323.5
134508,4.557737600380301,3.384338303907521,1.1733992964727804,1242,27,0.16880509631038154,S. Fofana,0.21741954746218456,5.870327781478983,1.0,485,764,624.5
134513,9.00863436523334,9.11980548938711,-0.1111711241537705,1108,30,0.30028781217444467,A. Martial,0.18690007179314605,5.607002153794381,0.0,95,836,465.5
134769,3.8149942449331284,3.6113418799163775,0.203652365016751,516,17,0.22441142617253695,Y. Carrasco,0.11472429744088128,1.9503130564949818,0.0,243,974,608.5
135103,4.509078197181225,2.641118512256071,1.8679596849251539,1574,27,0.1670028961918972,A. Christensen,0.3704324955261118,10.001677379205018,1.0,494,427,460.5
135114,2.4613572089001536,1.35430236463435,1.1070548442658037,1432,23,0.10701553082174581,P. Højbjerg,0.14278822219691978,3.284129110529155,1.0,829,925,877.0
135150,1.1839092029258609,1.1395826752996072,0.044326527626253664,422,23,0.0514743131706896,A. Cornelius,0.014459808073141782,0.332575585682261,0.0,1071,1178,1124.5
135903,5.183354690326378,5.597514185360633,-0.4141594950342551,2069,27,0.1919760996417177,João Cancelo,0.7185709425029357,19.401415447579264,3.0,373,32,202.5
135927,-0.6493406520457938,-0.4604582160245627,-0.18888243602123111,440,24,-0.027055860501908075,André Silva,0.03471113499588421,0.8330672399012211,0.0,1192,1136,1164.0
136441,5.905115775901824,5.935854968403466,-0.03073919250164181,2068,28,0.21089699199649373,B. Davies,0.5272296594888936,14.76243046568902,1.0,297,162,229.5
137161,0.2668080461444333,0.11640405573416501,0.1504039904102683,212,11,0.024255276922221212,G. Puşcaş,0.06130145651820733,0.6743160217002806,0.0,1139,1077,1108.0
138174,4.618123190361075,4.046922256005928,0.5712009343551472,1376,29,0.15924562725383018,K. Linetty,0.20523969629440877,5.951951192537854,1.0,527,788,657.5
138408,9.346518842387013,7.266871555591933,2.0796472867950797,2879,38,0.2459610221680793,M. Škriniar,0.45806990771809025,17.40665649328743,1.0,182,263,222.5
140046,6.907092959154397,7.749953815015033,-0.8428608558606356,1306,36,0.19186369330984437,M. Dmitrović,0.8922786181638939,32.12203025390018,2.0,374,5,189.5
140125,1.032074626069516,0.39207732561044395,0.639997300459072,721,26,0.03969517792575061,N. Radoja,0.07329052162353072,1.9055535622117987,1.0,1107,1064,1085.5
145692,5.819501374321058,6.026566634591669,-0.20706526027061045,442,22,0.26452278974186627,O. Niasse,0.017624038946608654,0.3877288568253904,0.0,143,1171,657.0
146588,3.9413830110570416,3.9953076756792143,-0.05392466462217271,1792,28,0.1407636789663229,A. Romagnoli,0.3680526058371291,10.305472963439616,1.0,631,434,532.5
146590,2.462372664362192,2.190209303284064,0.2721633610781282,1284,29,0.08490940221938593,F. Mattiello,0.2374637184412724,6.8864478347969,1.0,942,722,832.0
149019,2.6109692766331136,3.068104512989521,-0.4571352363564074,1520,28,0.09324890273689691,D. Simpson,0.3191634438765369,8.936576428543033,1.0,895,557,726.0
149076,1.5387816087938846,1.3659729170510546,0.17280869174282998,532,20,0.07693908043969423,V. Eysseric,0.14971333413655713,2.994266682731143,3.0,985,911,948.0
149846,0.21819011627417062,0.24351023421809082,-0.025320117943920195,244,13,0.016783855098013126,C. Falletti,0.08339563309214074,1.0841432301978295,0.0,1150,1042,1096.0
149848,-0.5246816851431504,-0.4968264256604016,-0.027855259482748806,177,11,-0.047698335013013675,F. Avenatti,0.03799056772083395,0.4178962449291735,0.0,1201,1127,1164.0
166534,4.280868198024109,4.035706547438167,0.24516165058594197,1358,38,0.11265442626379234,T. Strakosha,0.24479706154328104,9.30228833864468,2.0,800,709,754.5
167119,-0.5041157127125189,-0.5866343036759645,0.0825185909634456,147,13,-0.038778131747116834,Sabin Merino,0.029794991362335984,0.3873348877103678,0.0,1196,1153,1174.5
167145,5.75151216215454,5.777398249018006,-0.025886086863465607,2645,35,0.16432891891870116,Bellerín,0.1690105665839294,5.9153698304375295,1.0,501,875,688.0
167641,6.364183213965967,4.203539563514292,2.160643650451675,2482,38,0.16747850563068334,S. Lobotka,0.2672747872502434,10.156441915509248,1.0,489,661,575.0
169002,5.870868572764099,7.176505468351767,-1.3056368955876678,1718,26,0.2258026374140038,Diego Rico,0.7450933222770421,19.372426379203095,3.0,236,21,128.5
171283,1.4625212049577385,0.9198684428120032,0.5426527621457353,763,12,0.12187676707981154,C. Chambers,0.40000248961510576,4.800029875381269,1.0,748,362,555.0
189821,1.5120446764016524,1.618779534063302,-0.10673485766164958,749,12,0.12600372303347104,M. Zeegelaar,0.34320257252879643,4.118430870345557,1.0,721,498,609.5
190167,2.783684767084196,2.508151132497005,0.27553363458719105,1291,18,0.1546491537268998,L. Spinazzola,0.508412543626284,9.151425785273112,1.0,556,183,369.5
192748,0.5029440870275721,0.0018780669197440147,0.5010660201078281,572,13,0.03868800669442862,M. James,0.17276413033131968,2.2459336943071557,1.0,1110,865,987.5
206314,15.864306958899922,15.662898355322048,0.2014086035778746,709,34,0.46659726349705655,M. Icardi,0.07550264210959949,2.5670898317263826,0.0,20,1059,539.5
206318,3.849462372949347,2.673997201374732,1.175465171574615,1258,23,0.16736792925866725,D. Biraschi,0.49939426431725326,11.486068079296825,1.0,490,193,341.5
207001,1.4828923728717491,1.4133492183107883,0.06954315456096083,714,21,0.07061392251770233,J. Correa,0.11618056471272449,2.4397918589672143,0.0,1022,972,997.0
207164,2.2859513292787597,2.517609211150557,-0.23165788187179714,543,13,0.17584240994451997,B. N'Diaye,0.24330291008619082,3.1629378311204808,0.0,455,711,583.0
208694,3.456827672664076,2.7901319842785597,0.6666956883855164,1405,31,0.11151057008593794,Rodrigo Ely,0.4187643359383546,12.981694414088993,1.0,805,329,567.0
208696,10.779803642575123,11.430753452275374,-0.6509498097002506,1688,36,0.2994389900715312,M. Politano,0.4264906208280022,15.35366234980808,3.0,99,319,209.0
208865,4.33527960057836,4.696430634474382,-0.36115103389602154,1083,21,0.20644188574182668,Bastos,0.2136657572789971,4.486980902858939,1.0,315,776,545.5
209012,2.524978537749499,2.5138555326815695,0.011123005067929626,1181,20,0.12624892688747497,Kévin Rodrigues,0.3412232584010163,6.824465168020326,1.0,720,501,610.5
209400,1.4910304389511349,1.6365158924915941,-0.14548545354045928,1382,31,0.0480977560951979,D. Berardi,0.32695672964278427,10.135658618926312,3.0,1080,528,804.0
210044,5.536681064288132,4.207933905650862,1.3287471586372703,2613,34,0.16284356071435682,E. Dier,0.5213637111788261,17.72636618008009,1.0,515,172,343.5
211853,2.7911683617858216,1.9600375725422055,0.8311307892436162,1044,19,0.14690359798872746,Rúben Vezo,0.38270776611594615,7.271447556202976,1.0,599,396,497.5
211885,0.08499921462498605,-0.05916982889175415,0.1441690435167402,443,16,0.005312450914061628,André Gomes,0.056394784556577454,0.9023165529052393,1.0,1165,1088,1126.5
212644,2.4203016875544563,1.6812315239803866,0.7390701635740697,872,26,0.09308852644440216,G. Escalante,0.1452038263150121,3.775299484190315,1.0,899,918,908.5
213124,2.358403864200227,2.369520699023269,-0.011116834823042154,936,25,0.09433615456800908,Chema,0.368115489796757,9.202887244918925,1.0,891,432,661.5
213948,4.316607434828684,4.879213871261954,-0.5626064364332706,1552,37,0.11666506580618063,R. de Paul,0.38951151668157735,14.411926117218362,3.0,781,378,579.5
214062,10.044074917240746,9.534672056702643,0.5094028605381027,2314,34,0.29541396815413956,Álex Granell,0.6897165590410113,23.450363007394383,3.0,106,46,76.0
214220,4.209572406136431,3.4192923348164186,0.7902800713200122,1527,37,0.11377222719287651,Alisson,0.2722127541687032,10.07187190424202,2.0,794,654,724.0
214654,5.0763853383250535,5.104220787645318,-0.02783544932026416,627,28,0.1812994763687519,S. Mounié,-0.0015151752539710784,-0.042424907111190194,0.0,419,1187,803.0
215869,1.6014657623600215,0.9609138348605484,0.6405519274994731,816,16,0.10009161014750134,M. Bani,0.34094340214254576,5.455094434280732,1.0,861,502,681.5
215983,4.02240444861725,3.7449754285849632,0.27742902003228664,880,26,0.15470786340835577,S. Boufal,0.2561359516368916,6.659534742559183,0.0,555,683,619.0
217031,6.329766950146295,5.001173937385902,1.3285930127603933,1842,33,0.19181111970140288,Thomas,0.3306057574087829,10.909989994489836,1.0,375,520,447.5
220341,1.178222520975396,0.6653250351082534,0.5128974858671427,546,14,0.08415875149824258,R. Chibsah,0.10053484817891327,1.4074878745047859,1.0,948,1001,974.5
220359,7.745807468302548,8.036648885689676,-0.2908414173871279,1736,35,0.22130878480864422,P. Faragò,0.4926299297951469,17.242047542830143,1.0,250,201,225.5
222220,4.248682826990262,3.5233577642356977,0.725325062754564,1942,22,0.19312194668137553,A. Robertson,0.4286357319026893,9.429986101859164,1.0,369,315,342.0
222766,1.6415583165362477,1.6774452436948195,-0.03588692715857178,672,15,0.10943722110241652,Bruno Gaspar,0.2860562962642481,4.290844443963722,1.0,816,630,723.0
222770,3.018297713249922,2.7195184266893193,0.2987792865606025,1405,23,0.13123033535869225,Nélson Semedo,0.18749264289152326,4.312330786505035,1.0,686,832,759.0
224080,1.7713734520366415,0.7196273397421464,1.051746112294495,668,19,0.09323018168613903,G. Maripán,0.30342774264635564,5.7651271102807575,1.0,896,591,743.5
225022,4.216356522170827,4.371585728484206,-0.1552292063133791,1335,24,0.1756815217571178,Rubén Duarte,0.5059090001716442,12.14181600411946,1.0,457,184,320.5
225089,10.648259345595896,11.049836285449736,-0.4015769398538396,1589,35,0.3042359813027399,José Luis Morales,0.4384401584763872,15.34540554667355,0.0,91,292,191.5
225946,5.525757539202459,5.565609467332251,-0.03985192812979221,239,17,0.32504456112955643,A. Sanabria,-0.0035238567718984238,-0.059905565122273206,0.0,65,1193,629.0
225948,5.338714461773634,4.605398947373033,0.7333155144006014,1217,27,0.19773016525087533,Rubén Peña,0.3763470258643938,10.161369698338632,1.0,352,413,382.5
225996,4.085111803142354,4.661596241523512,-0.5764844383811578,1900,27,0.1513004371534205,Diego Llorente,0.4554057294251574,12.29595469447925,1.0,576,269,422.5
226005,1.906807676882483,2.0026911651883275,-0.09588348830584437,497,23,0.08290468160358622,Burgui,0.17002438667203076,3.9105608934567075,0.0,955,871,913.0
226200,5.439205710879527,5.886428326471709,-0.4472226155921817,2202,36,0.1510890475244313,M. Lazzari,0.3565440096228441,12.835584346422388,0.0,578,465,521.5
227894,2.810896086972207,1.9111905829049647,0.8997055040672421,966,23,0.12221287334661769,J. Giménez,0.41954161901495346,9.64945723734393,1.0,746,326,536.0
228902,-1.175381017752327,-0.28402156442996096,-0.8913594533223659,1149,37,-0.03176705453384667,J. Calleri,0.11454269189998931,4.238079600299605,0.0,1193,975,1084.0
228928,5.453367973095737,5.289597722818144,0.16377025027759373,1593,32,0.1704177491592418,A. Marušić,0.11800420128722917,3.7761344411913336,0.0,479,966,722.5
230020,4.9127437505489215,4.743380010532215,0.1693637400167063,1464,26,0.18895168271342005,A. Iwobi,0.2716664953996175,7.063328880390055,1.0,388,658,523.0
230862,4.1112509610829875,4.53422390925698,-0.42297294817399234,1597,32,0.12847659253384336,Lekue,0.3081829399781004,9.861854079299214,1.0,704,580,642.0
230883,9.59318218671251,8.632495666854084,0.9606865198584273,1166,34,0.28215241725625034,Ayoze Pérez,0.1905578250310962,6.47896605105727,0.0,121,823,472.0
230895,2.7494470878122375,1.8086199189387262,0.9408271688735113,1385,31,0.08869184154233024,Pere Pons,0.2258132807640663,7.0002117036860545,1.0,922,750,836.0
230897,3.02523445839528,3.1002679676841947,-0.0750335092889145,912,20,0.151261722919764,Fede Cartabia,0.19811617388277097,3.9623234776554193,0.0,577,801,689.0
232822,4.4580452252961695,4.605081963407807,-0.14703673811163753,2109,34,0.13111897721459323,A. Masina,0.4783353828495958,16.263403016886258,1.0,687,230,458.5
234359,0.7946381482761353,0.8323084594449028,-0.03767031116876751,462,22,0.03611991583073342,P. Schick,0.024798439812368234,0.5455656758721011,0.0,1114,1161,1137.5
234527,3.619317400650121,3.764974305205047,-0.14565690455492586,771,20,0.18096587003250605,A. Halilović,0.2682484311242616,5.364968622485232,3.0,423,660,541.5
234533,-0.4983032775344327,-0.30790151050314307,-0.19040176703128964,347,22,-0.02265014897883785,S. Perica,0.04022556498473346,0.8849624296641362,0.0,1191,1121,1156.0
235555,4.642075905227102,4.39408701681532,0.24798888841178268,1105,24,0.1934198293844626,R. Loftus-Cheek,0.26377213451182263,6.330531228283743,0.0,368,667,517.5
237034,9.227215697797947,9.017761933309957,0.20945376448798925,1465,33,0.2796125969029681,Gonçalo Guedes,0.36161585793649614,11.933323311904372,0.0,126,449,287.5
237269,1.2806740652304143,1.320917047560215,-0.040242982329800725,496,16,0.08004212907690089,S. Lukić,0.10539602544947903,1.6863364071916644,1.0,969,990,979.5
238832,0.11379420080780983,0.10530198759958148,0.00849221320822835,119,11,0.01034492734616453,L. Garritano,0.09279218380041879,1.0207140218046067,0.0,1158,1023,1090.5
239295,0.09818511263187976,0.2611752887507901,-0.1629901761189103,536,21,0.0046754815538990364,V. Parigini,0.13789565557616712,2.8958087670995094,0.0,1168,931,1049.5
239298,-0.21034411510732026,-0.15615355334989728,-0.054190561757422984,98,12,-0.017528676258943356,F. Bonazzoli,0.018468578889314243,0.22162294667177093,,1187,1170,1178.5
239843,-0.019971098256297407,0.11630775258503855,-0.13627885084133595,498,22,-0.000907777193468064,Z. Bakkali,0.0925754203563157,2.0366592478389456,0.0,1170,1024,1097.0
240042,3.7275972173633054,3.813656225040555,-0.08605900767724961,349,21,0.17750462939825265,D. Kownacki,0.03899856485119326,0.8189698618750585,0.0,441,1124,782.5
240070,1.588406026829034,1.068316892022267,0.5200891348067671,741,16,0.09927537667681463,H. Winks,0.24523879210927899,3.9238206737484638,1.0,868,707,787.5
240445,2.7362591503476725,2.4434385865749793,0.2928205637726933,617,23,0.11896778914555098,Andreas Pereira,0.2897939939133046,6.665261860006007,0.0,769,621,695.0
240559,0.8025036521721631,0.3614392410963774,0.44106441107578576,206,12,0.06687530434768026,J. Riedewald,0.14454607301318168,1.73455287615818,1.0,1033,919,976.0
241676,3.1344681930495426,2.125641479040496,1.0088267140090466,1736,30,0.10448227310165142,R. Gagliardini,0.26313085292358324,7.893925587707497,1.0,837,670,753.5
241945,7.251139542235993,7.223199829490856,0.027939712745137513,1578,34,0.2132688100657645,P. Sisto,0.19393887991868436,6.593921917235268,3.0,283,818,550.5
245364,8.762164897568525,8.967348761557602,-0.2051838639890775,1606,32,0.2738176530490164,L. Sané,0.057279968563014066,1.8329589940164501,3.0,131,1085,608.0
245813,1.3142158190021291,1.5586827967781574,-0.24446697777602822,316,21,0.06258170566676806,L. Mousset,0.08346718135141998,1.7528108083798195,0.0,1045,1041,1043.0
246059,1.6650268532102928,0.8964071054942906,0.7686197477160022,493,13,0.12807898870848405,E. Goldaniga,0.3048060280165505,3.962478364215156,1.0,709,587,648.0
246061,4.113700346131809,3.863551254775375,0.25014909135643393,573,22,0.1869863793696277,F. Bernardeschi,0.11924374042988628,2.623362289457498,0.0,398,964,681.0
246063,3.4997608825014903,3.1923393360720946,0.3074215464293957,708,17,0.20586828720597003,S. Sensi,0.2991118030579839,5.084900651985726,3.0,319,596,457.5
246175,2.35474772087764,2.7157584133092314,-0.36101069243159145,789,29,0.08119819727164276,A. Petagna,0.0829693078668523,2.406109928138717,0.0,960,1043,1001.5
246866,5.660192762734368,4.064775121281855,1.5954176414525136,2168,38,0.14895244112458864,A. Mawson,0.45760343328196357,17.388930464714615,1.0,593,266,429.5
247141,5.132851737202145,4.9618694494711235,0.17098228773102164,1218,38,0.13507504571584592,Iñaki Williams,0.12507339759360547,4.752789108557008,0.0,662,956,809.0
247169,1.4517617913661525,1.8026941049611196,-0.3509323135949671,746,18,0.08065343285367514,Diego González,0.28931013606292844,5.207582449132712,1.0,964,623,793.5
247206,2.361405882635154,3.5881905652349815,-1.2267846825998276,919,29,0.08142778905638462,Pau López,0.4354865253853946,12.629109236176443,2.0,959,300,629.5
247207,7.147264171991922,6.35204998196052,0.7952141900314018,1639,35,0.20420754777119776,Joan Jordán,0.19692442715652878,6.8923549504785075,3.0,326,807,566.5
247219,1.2184840854508803,1.0090486755846069,0.2094354098662734,822,24,0.050770170227120014,Víctor Camarasa,0.09360816774120091,2.246596025788822,1.0,1073,1020,1046.5
247220,2.1050312233464794,1.6177200616411864,0.48731116170529276,857,27,0.07796411938320294,Jason,0.1444559590562244,3.900310894518059,0.0,982,920,951.0
247222,3.7894980739057065,3.3753821286791936,0.41411594522651285,683,18,0.21052767077253925,Medrán,0.27881638103493417,5.018694858628815,3.0,298,644,471.0
247248,3.4334080160474407,2.561837772081606,0.8715702439658344,1118,36,0.09537244489020669,S. March,0.23454555602211288,8.443640016796063,0.0,883,728,805.5
248950,4.935671136070974,4.260722816278227,0.6749483197927475,1810,31,0.15921519793777336,Samir,0.40367405357608355,12.51389566085859,1.0,528,350,439.0
250805,6.368258665432222,3.4081518210005015,2.9601068444317207,1509,36,0.17689607403978394,Djené,0.3547161070953868,12.769779855433924,1.0,443,466,454.5
250885,8.428119452177294,8.374491133350626,0.053628318826667964,707,32,0.2633787328805404,Santi Mina,0.03515519872771537,1.124966359286892,0.0,146,1135,640.5
250899,0.5054879821836948,0.9166151110548526,-0.41112712887115777,455,12,0.0421239985153079,Carlos Vigaray,0.29935568408456315,3.5922682090147577,1.0,1101,593,847.0
250956,1.6344547752356158,1.7940004644747825,-0.15954568923916668,719,20,0.0817227387617808,F. Ricci,0.3478118429609119,6.9562368592182375,3.0,957,489,723.0
252365,4.489990066620521,4.558719767956063,-0.0687297013355419,1802,34,0.1320585313711918,D. Yedlin,0.3538073588461851,12.029450200770293,1.0,680,469,574.5
252589,-0.025250495760701597,0.018754843156784773,-0.04400533891748637,577,25,-0.0010100198304280638,B. Petković,0.07940250347034163,1.9850625867585407,0.0,1171,1053,1112.0
254189,3.7588381566272377,3.741094515465878,0.017743641161359847,1033,29,0.1296151088492151,Ivi,0.34395603463935615,9.974725004541328,3.0,696,497,596.5
254408,9.174337341614999,8.511490806287155,0.6628465353278443,1399,37,0.24795506328689187,Á. Correa,0.1709285514008197,6.324356401830329,0.0,177,868,522.5
254898,3.087641596085392,2.7255953976316376,0.3620461984537542,609,13,0.2375108920065686,Kenedy,0.24086124004448095,3.1311961205782524,3.0,206,716,461.0
255670,0.6722885591443628,0.6479285836685449,0.02435997547581792,526,17,0.039546385832021344,C. Lombardi,0.13712394425254235,2.33110705229322,0.0,1108,932,1020.0
255738,2.333472757949494,1.648461334174499,0.6850114237749949,1405,26,0.08974895222882669,J. Lerma,0.26108031255285213,6.788088126374155,1.0,916,674,795.0
255935,0.2582380323437974,0.21187140117399395,0.04636663116980344,171,13,0.01986446402644595,I. Brown,0.054014944664700686,0.7021942806411089,0.0,1144,1092,1118.0
256478,3.742779540657066,3.584492608383298,0.1582869322737679,1723,29,0.1290613634709333,D. Cataldi,0.3445857883728814,9.99298786281356,3.0,702,493,597.5
256998,2.065526424907148,1.671491518500261,0.3940349064068869,548,11,0.18777512953701345,E. Bailly,0.329481732461217,3.6242990570733866,1.0,392,521,456.5
257028,4.723903690348379,4.358745890553109,0.36515779979526997,1440,21,0.22494779477849425,D. Calabria,0.43025440086086614,9.035342418078189,1.0,242,312,277.0
257762,4.771120800869539,3.251211388851516,1.5199094120180234,2158,31,0.15390712260869482,D. Sánchez,0.43584812459465616,13.51129186243434,1.0,560,297,428.5
257899,5.465137495426461,5.048976429738104,0.41616106568835676,1858,23,0.23761467371419395,J. Gomez,0.5487382206437186,12.620979074805527,1.0,205,128,166.5
258162,0.8472980220327154,0.8378288172176108,0.009469204815104604,560,12,0.07060816850272629,Renato Sanches,0.27724735917612053,3.3269683101134464,3.0,1023,648,835.5
259292,1.0300389265175909,0.6384748055133969,0.391564121004194,745,24,0.04291828860489962,F. Di Francesco,0.09949927927789493,2.387982702669478,0.0,1100,1003,1051.5
259946,0.16302752133924514,0.3207230189582333,-0.15769549761898816,404,13,0.012540578564557318,A. Peñaranda,0.045152483462569774,0.5869822850134071,0.0,1155,1108,1131.5
260250,1.2976267552003264,1.0655953316017985,0.2320314235985279,750,13,0.09981744270771742,Wallace,0.4352013542238715,5.65761760491033,1.0,863,301,582.0
261127,4.797462403197772,5.258457279071211,-0.460994875873439,982,28,0.17133794297134902,A. Januzaj,0.2588892963268952,7.248900297153066,0.0,474,676,575.0
263091,2.1418962182328105,1.650278742945753,0.49161747528705746,719,23,0.09312592253186133,Gumbau,0.18435393045592807,4.240140400486346,1.0,898,840,869.0
263105,4.469675883877091,4.4800666152667254,-0.010390731389634311,1661,33,0.13544472375385125,Pablo Maffeo,0.20225251623736365,6.674333035833,1.0,659,795,727.0
263432,3.446280765812844,2.2950353622436523,1.1512454035691917,1560,34,0.10136119899449542,F. Vicari,0.3667976077895641,12.47111866484518,1.0,852,438,645.0
263433,5.105913837207481,3.88785035291221,1.2180634842952713,1377,25,0.20423655348829925,A. Ferrari,0.41773931164868683,10.443482791217171,1.0,325,332,328.5
263591,1.0460375958355144,0.32363301573786885,0.7224045800976455,224,12,0.08716979965295953,A. Deiola,0.09797280157131956,1.1756736188558348,1.0,930,1007,968.5
263803,1.860871416865848,1.7332650661701337,0.12760635069571435,1229,20,0.0930435708432924,T. Castagne,0.20400113159914982,4.080022631982996,1.0,901,790,845.5
265172,10.198511327480897,9.34197245035693,0.8565388771239668,1589,34,0.29995621551414403,A. Barák,0.279173298609782,9.49189215273259,1.0,97,643,370.0
265318,0.4924591985763982,0.270681680762209,0.2217775178141892,373,14,0.0351756570411713,E. Fernandes,0.11077129395557246,1.5507981153780144,1.0,1116,982,1049.0
265366,4.144971593748778,1.433090997627005,2.711880596121773,2166,33,0.12560519981056903,W. Ndidi,0.3268284468969762,10.785338747600216,1.0,722,529,625.5
265673,5.4429987157601865,5.372802122929134,0.07019659283105284,1254,35,0.15551424902171962,Bernardo Silva,0.025774761965056906,0.9021166687769917,0.0,546,1159,852.5
265807,0.8358814297532663,1.0292034730371087,-0.1933220432838425,237,15,0.055725428650217755,José Naranjo,0.09432377598568964,1.4148566397853446,3.0,1062,1016,1039.0
265864,0.6765121044591069,0.2913281818618998,0.38518392259720713,341,15,0.04510080696394046,N. Maksimović,0.09619271848331558,1.4428907772497337,1.0,1096,1013,1054.5
265865,13.17828073981218,12.803992947563529,0.3742877922486514,2359,35,0.37652230685177657,S. Milinković-Savić,0.41498546439823847,14.524491253938347,0.0,37,335,186.0
266885,2.397587818093598,2.130021541728638,0.2675662763649598,157,14,0.17125627272097127,M. Olunga,-0.0028929833089839717,-0.0405017663257756,0.0,476,1191,833.5
268776,4.259703992633149,2.897764431545511,1.3619395610876381,1798,28,0.1521322854511839,W. Hoedt,0.6947043036582272,19.451720502430362,1.0,571,43,307.0
269060,6.309108080342412,4.681697855819948,1.627410224522464,1505,30,0.2103036026780804,P. Hernández,0.27804183330387583,8.341254999116275,1.0,299,647,473.0
269152,9.534392468165606,9.825919102528132,-0.29152663436252624,998,38,0.2509050649517265,G. Simeone,0.057284374508489576,2.1768062313226038,0.0,169,1084,626.5
269188,2.052487154772505,1.6972842142470181,0.35520294052548707,541,11,0.18658974134295503,P. Jaroszyński,0.5984023436309492,6.582425779940442,1.0,400,87,243.5
272878,1.4859127697385848,1.1745821941262111,0.31133057561237365,817,23,0.06460490303211239,A. Nalini,0.2148093578036938,4.9406152294849575,0.0,1037,771,904.0
274435,3.5776490562129766,4.386247323360294,-0.8085982671473175,648,30,0.11925496854043255,E. Ünal,0.055454722160033595,1.663641664801008,0.0,766,1091,928.5
275293,0.49281372409313917,0.28324461774900556,0.20956910634413362,209,17,0.02898904259371407,Samu García,0.06619029433269842,1.1252350036558731,0.0,1129,1071,1100.0
277002,0.7842274403665215,0.5684136553900316,0.21581378497648984,339,14,0.05601624574046582,F. Diabaté,0.0985677975439717,1.3799491656156038,0.0,1061,1004,1032.5
278007,1.342189998133108,2.0498294916469604,-0.7076394935138524,775,14,0.09587071415236485,F. Ricca,0.5515550662862304,7.721770928007226,1.0,879,121,500.0
278049,1.2188407597132027,0.713173191761598,0.5056675679516047,459,14,0.08706005426522877,E. Cabaco,0.3273197250898622,4.582476151258071,1.0,932,526,729.0
278278,8.431116106049158,8.800762563771569,-0.36964645772241056,1033,33,0.2554883668499745,Munir,0.12173170600654028,4.017146298215829,3.0,159,960,559.5
278288,4.976015833788551,4.76741457474418,0.20860125904437155,1276,19,0.26189557019939746,Aritz Elustondo,0.4386834009686221,8.33498461840382,1.0,149,291,220.0
278289,6.342964222709648,6.7459350168323144,-0.4029707941226661,2273,35,0.18122754922027567,Odriozola,0.2992227060929688,10.472794713253908,1.0,421,594,507.5
278320,1.9752477247966453,1.4114424450090155,0.5638052797876298,454,15,0.1316831816531097,David Soria,0.21012887788823376,3.1519331683235063,2.0,683,780,731.5
278383,1.095995335956104,0.8388011819915846,0.2571941539645195,252,13,0.08430733353508493,Álvaro Jiménez,0.14098547646764242,1.8328111940793517,0.0,945,928,936.5
278813,2.083018320146948,1.2926437007263303,0.7903746194206178,674,21,0.0991913485784261,S. Bastien,0.08825976115505843,1.853454984256227,1.0,869,1034,951.5
279533,3.2916507418202237,2.7769842295609415,0.5146665122592822,1181,22,0.14962048826455562,Mario Hermoso,0.5689026468028016,12.515858229661635,1.0,589,105,347.0
279538,1.0952648585662246,0.6358021375490353,0.4594627210171893,508,13,0.08425114296663266,Marcos Llorente,0.1500576601415594,1.9507495818402723,1.0,947,908,927.5
279545,2.1761437667300925,2.247880872571841,-0.07173710584174842,1419,27,0.08059791728629973,L. Hernández,0.3067340670738286,8.281819810993372,1.0,965,584,774.5
279555,2.5874599245693535,2.4778788808584213,0.10958104371093214,593,22,0.11761181475315242,Iván Alejo,0.3147126823239542,6.923679011126993,0.0,774,565,669.5
279717,0.7316788383759558,1.3482482963008806,-0.6165694579249248,800,14,0.05226277416971113,A. Maitland-Niles,0.16442723237522203,2.3019812532531083,1.0,1070,885,977.5
280383,10.634461277910509,10.363188244682737,0.2712730332277715,975,26,0.4090177414580965,E. Bardhi,0.2971522367420573,7.72595815529349,3.0,29,601,315.0
280419,2.449726232793182,1.8915392243070528,0.5581870084861293,1733,33,0.07423412826646006,H. Hateboer,0.1764744104883359,5.823655546115084,1.0,1002,859,930.5
281255,1.9190715418206528,1.8510192334195599,0.06805230840109289,487,23,0.08343789312263708,E. Mor,0.18872214310241445,4.340609291355532,0.0,951,829,890.0
282438,5.5081703915521505,5.720472724412568,-0.21230233286041766,1824,32,0.1721303247360047,Aarón,0.40785237806609137,13.051276098114924,1.0,470,344,407.0
282448,2.066105373791419,1.870928674359806,0.1951766994316131,663,19,0.10874238809428521,Aleix García,0.19794426520971256,3.7609410389845386,3.0,819,803,811.0
282550,3.6469253506381065,3.9124570701839403,-0.26553171954583377,1158,23,0.1585619717668742,F. Hadergjonaj,0.500528524645401,11.512156066844222,1.0,532,191,361.5
283142,4.140000801209361,3.927743429343216,0.21225737186614424,954,35,0.11828573717741031,D. Gray,0.1630253503071986,5.705887260751951,0.0,772,887,829.5
283832,3.3866981723112985,2.8647936258930713,0.5219045464182273,1108,23,0.14724774662223036,F. Romagna,0.4917227345474796,11.309622894592032,1.0,597,203,400.0
284315,1.2620982106309384,1.1743864645250142,0.08771174610592425,331,27,0.046744378171516235,M. Rog,0.02615038578216892,0.7060604161185609,1.0,1090,1158,1124.0
284476,0.4564134716605768,0.2519930081292987,0.20442046353127807,333,12,0.03803445597171473,N. Vlašić,0.05106197887114478,0.6127437464537374,0.0,1112,1094,1103.0
284960,3.7624505959069356,3.3112094823122025,0.4512411135947332,1562,31,0.12136937406151406,L. Venuti,0.3070652040570233,9.519021325767723,1.0,754,581,667.5
285109,4.426156257978558,3.93464958097405,0.4915066770045087,2363,37,0.11962584481023131,F. Kessié,0.32574260962437224,12.052476556101773,0.0,763,534,648.5
285508,3.5550032316241413,3.2828487238148227,0.2721545078093186,369,21,0.16928586817257815,K. Iheanacho,0.09186073741703095,1.92907548575765,0.0,482,1027,754.5
286215,0.7817460321821272,1.964600314735435,-1.1828542825533077,459,13,0.06013431016785594,A. Meret,0.3743987308814738,4.867183501459159,2.0,1051,423,737.0
286223,8.655094518547118,8.377950018609114,0.2771444999380037,2256,34,0.25456160348667994,N. Barella,0.5359575568701882,18.2225569335864,0.0,161,149,155.0
286226,1.515485249686055,1.1604818924032152,0.3550033572828397,663,20,0.07577426248430275,M. Locatelli,0.19298982114345037,3.859796422869007,1.0,995,819,907.0
286390,2.9847813945664092,3.648070906841196,-0.6632895122747868,705,17,0.17557537615096525,O. Dembélé,0.23481676857966316,3.991885065854274,3.0,458,726,592.0
286448,3.317930720397271,2.2103455734904855,1.1075851469067857,895,27,0.12288632297767671,M. Arambarri,0.24026367866825266,6.487119324042822,1.0,739,717,728.0
286825,4.1846423133974895,3.934158678748645,0.2504836346488446,1088,19,0.2202443322840784,J. Kenny,0.5314410027742035,10.097379052709865,1.0,254,157,205.5
286831,-0.7924667393090203,-0.6321096301544458,-0.16035710915457457,296,19,-0.04170877575310633,D. Solanke,0.04812885974690025,0.9144483351911048,0.0,1198,1101,1149.5
286963,2.209835316562094,2.067967485212721,0.14186783134937286,505,11,0.20089411968746307,Vesga,0.2228557320479619,2.451413052527581,1.0,341,754,547.5
288091,8.494990051622503,8.62029963954445,-0.12530958792194724,1585,32,0.2654684391132032,Marco Asensio,0.3156619494053193,10.101182380970217,3.0,140,563,351.5
288663,4.947633887497455,3.6528059246211573,1.2948279628762975,1328,24,0.20615141197906062,M. Caldara,0.2939378367615106,7.0545080822762545,1.0,317,612,464.5
288865,0.3010236048139632,0.22303523845039308,0.0779883663635701,107,11,0.027365782255814833,O. McBurnie,0.06572792602556782,0.7230071862812459,1.0,1134,1073,1103.5
292310,0.101329081219621,0.6688073538178578,-0.5674782725982368,623,20,0.00506645406098105,L. Mazzitelli,0.194402618929552,3.88805237859104,1.0,1167,817,992.0
292991,3.381925605237484,2.823935725260526,0.557989879976958,1338,24,0.14091356688489518,M. Lemos,0.3582057183335281,8.596937240004674,1.0,629,459,544.0
293686,1.7789983569979668,1.4773015599800274,0.3016967970179394,547,25,0.07115993427991868,J. Murphy,0.14974003570353756,3.743500892588439,0.0,1020,910,965.0
293687,2.7862076208693907,2.923863726435229,-0.13765610556583852,719,32,0.08706898815216846,D. Calvert-Lewin,0.01675666304762646,0.5362132175240467,0.0,931,1173,1052.0
293862,0.5728829521127046,0.7647387193888426,-0.19185576727613807,529,20,0.028644147605635228,Nacho Gil,0.1440196009196279,2.880392018392558,3.0,1131,921,1026.0
295176,2.794118242105469,2.5599681140156463,0.23415012808982283,1102,21,0.13305324962406995,R. Gosens,0.32700244931941297,6.867051435707673,1.0,673,527,600.0
295273,3.464487488148734,2.6809886938426644,0.7834987943060696,931,28,0.12373169600531193,G. Donsah,0.18346022832831577,5.1368863931928415,1.0,734,841,787.5
298212,0.8316890767309815,0.992270614951849,-0.16058153822086751,461,13,0.0639760828254601,Dalbert,0.19471498632288892,2.5312948221975557,1.0,1040,814,927.0
299557,1.5195597149431705,1.1689680176787078,0.3505916972644627,315,12,0.1266299762452642,Á. Nagy,0.08917235095144632,1.0700682114173559,1.0,717,1032,874.5
300669,1.7740207887217403,1.1430180338174105,0.6310027549043298,743,21,0.08447718041532097,A. Balić,0.19007913773755294,3.991661892488612,3.0,943,826,884.5
302518,5.128744895695709,4.010535809337162,1.1182090863585472,1655,28,0.18316946056056102,L. Cook,0.4348369684686985,12.175435117123559,1.0,412,303,357.5
302550,1.1132772170593963,0.7392339563583956,0.3740432607010007,614,20,0.055663860852969815,Brais Méndez,0.1949853474461219,3.8997069489224376,0.0,1063,813,938.0
302798,0.9432367788264528,0.959477456972003,-0.01624067814555019,200,10,0.09432367788264528,F. Cassata,0.14346146572041668,1.4346146572041667,0.0,892,923,907.5
302799,6.512142611369491,4.60499528428074,1.907147327088751,1887,36,0.1808928503158192,R. Mandragora,0.28982297758666387,10.433627193119898,1.0,424,620,522.0
303357,0.4662596125854179,0.7965663268696517,-0.33030671428423375,514,16,0.02914122578658862,P. Billing,0.16327597928939058,2.6124156686302493,1.0,1126,886,1006.0
326523,2.783921735293232,2.6935537354340777,0.09036799985915422,446,11,0.25308379411756654,Dani Ceballos,0.1606153288119315,1.7667686169312464,1.0,162,894,528.0
326535,1.4829185566632077,1.0617374429712072,0.4211811136920005,523,16,0.09268240979145048,Toni Lato,0.16815670306690508,2.6905072490704813,1.0,905,877,891.0
328333,5.865972844048403,5.571539021658711,0.29443382238969207,1327,27,0.21725825348327418,L. Pellegrini,0.40085570835449685,10.823104125571415,3.0,270,357,313.5
328336,2.5052714989222586,2.6526382859963924,-0.14736678707413375,1712,30,0.0835090499640753,M. Fares,0.4857192832594357,14.57157849778307,1.0,950,216,583.0
332605,3.569965320173651,3.252796569489874,0.31716875068377703,666,23,0.15521588348581092,Ramadan Sobhi,0.18699547120418303,4.30089583769621,0.0,547,834,690.5
333571,11.111958743575029,9.688776099741458,1.4231826438335702,2751,36,0.3086655206548619,L. Torreira,0.44813567755085226,16.132884391830682,3.0,85,281,183.0
333913,7.026595667004585,7.162606586702168,-0.13601091969758272,705,29,0.24229640231050295,K. Lasagna,0.08693391129252853,2.5210834274833274,0.0,192,1036,614.0
334817,-0.22003662417735903,-0.29797269666194914,0.07793607248459011,357,23,-0.009566809746841697,L. Boyé,0.04830392247463331,1.1109902169165662,0.0,1179,1100,1139.5
337225,-0.1033951009158045,-0.18146426719613373,0.07806916628032923,243,15,-0.0068930067277203,R. Aarons,0.04541529646839518,0.6812294470259277,0.0,1174,1107,1140.5
338201,3.0210013838950545,3.400691377581097,-0.3796899936860427,370,25,0.12084005535580218,E. Boateng,0.026966404496113986,0.6741601124028497,0.0,760,1157,958.5
338249,1.654386810082011,1.4047250948464498,0.24966171523556113,748,27,0.061273585558593,Gil Dias,0.039356716914946716,1.0626313567035612,0.0,1047,1122,1084.5
339789,3.9333109063412994,3.0884852887215093,0.8448256176197901,1107,24,0.16388795443088747,Mikel Merino,0.2991831637743964,7.180395930585514,1.0,506,595,550.5
339791,2.2040488508865237,2.1240314242532476,0.08001742663327605,716,22,0.10018403867666016,Álex Berenguer,0.18829606707595092,4.1425134756709205,3.0,858,830,844.0
340019,2.9543107296340168,2.781380247324705,0.17293048230931163,658,24,0.12309628040141736,Gerson,0.10542640429275359,2.530233703026086,1.0,737,989,863.0
340386,7.728106644997798,7.807557969881646,-0.07945132488384843,783,29,0.2664864360344068,Gabriel Jesus,0.021421852346384794,0.621233718045159,0.0,139,1163,651.0
341751,1.9020366936456412,2.341514136409387,-0.4394774427637458,763,19,0.10010719440240216,Marc Navarro,0.2894374149465011,5.499310883983521,1.0,860,622,741.0
343925,5.379320147233084,4.924782695034519,0.454537452198565,982,30,0.17931067157443614,D. Verde,0.349526227482687,10.485786824480611,3.0,433,482,457.5
343951,3.3275158659089357,3.3833149967249483,-0.05579913081601262,479,31,0.1073392214809334,T. Abraham,0.024850875454341618,0.7703771390845902,0.0,827,1160,993.5
344068,4.833533165045083,3.9341197191970423,0.8994134458480403,1926,33,0.1464707019710631,Unai Núñez,0.43567645695514656,14.377323079519837,1.0,602,298,450.0
344075,2.6312830690294504,2.358375277952291,0.27290779107715935,844,30,0.08770943563431502,Iñigo Córdoba,0.19173446379135747,5.752033913740724,0.0,927,821,874.0
344120,1.753681141184643,1.7526654400862753,0.0010157010983675718,167,14,0.12526293865604593,Borja Mayoral,0.0170945636407793,0.23932389097091022,0.0,723,1172,947.5
344132,1.8203034600010142,1.3418944572331384,0.4784090027678758,817,13,0.1400233430770011,T. Hernández,0.17702397608693354,2.301311689130136,1.0,637,856,746.5
344140,3.300935368402861,2.9553225692361593,0.34561279916670173,1135,37,0.08921446941629355,A. Ndiaye,0.13213606330346922,4.889034342228361,0.0,920,940,930.0
346071,-0.3317553185625002,-0.2631972373928875,-0.0685580811696127,220,15,-0.022117021237500013,O. Burke,0.04491330562646116,0.6736995843969175,0.0,1189,1109,1149.0
346101,5.786495975768194,5.903752660695464,-0.11725668492726982,1534,18,0.32147199865378856,T. Alexander-Arnold,0.6799508825536984,12.239115885966571,1.0,68,49,58.5
346195,8.864520358209498,6.838215946158394,2.026304412051104,2539,34,0.2607211870061617,Fabián,0.322378785534156,10.960878708161305,1.0,151,546,348.5
346908,-0.02073305671289563,-0.02130064008012414,0.000567583367228508,503,16,-0.001295816044555977,A. Murgia,0.1574227970585098,2.518764752936157,1.0,1172,898,1035.0
346913,1.7764155780896544,1.655287888366729,0.12112768972292542,428,11,0.16149232528087767,G. Mancini,0.30471597288399477,3.3518757017239427,1.0,519,589,554.0
349102,0.9009478554362431,0.48937895067501813,0.411568904761225,483,19,0.0474183081808549,S. Omeonga,0.09002595657815585,1.710493174984961,0.0,1086,1030,1058.0
350032,5.785355457964354,5.774242647502572,0.011112810461781919,661,26,0.22251367146016746,C. Ünder,0.17243788792256132,4.483385085986594,3.0,246,867,556.5
350976,2.985351247480139,3.0176791477715597,-0.03232790029142052,1516,24,0.12438963531167246,B. Chilwell,0.4830761475097409,11.593827540233782,1.0,730,226,478.0
350999,3.4195305765606463,3.6003160203108564,-0.1807854437502101,1356,38,0.08998764675159596,G. Donnarumma,0.19586173649708308,7.442745986889157,2.0,914,811,862.5
351010,5.008879229542799,5.161393774440512,-0.15251454489771277,513,28,0.17888854391224282,P. Cutrone,-0.002381724020571351,-0.06668827257599783,0.0,434,1189,811.5
352993,0.470716279164888,0.49722411290463064,-0.026507833739742637,363,16,0.0294197674478055,Y. Karamoh,0.0939400210497724,1.5030403367963583,0.0,1125,1018,1071.5
353236,2.7507823943998666,2.2026115755690263,0.5481708188308403,994,33,0.08335704225454141,T. Davies,0.14062724592883988,4.640699115651716,0.0,953,929,941.0
354123,4.107355284621008,2.929696560371667,1.1776587242493406,1232,24,0.17113980352587532,Pol Lirola,0.5437971835516255,13.051132405239013,1.0,477,137,307.0
354547,7.83475993842259,7.335245249568485,0.49951468885410577,1569,36,0.2176322205117386,J. Jankto,0.36047719835446324,12.977179140760676,3.0,269,454,361.5
354552,0.722649600754492,0.7854326672870666,-0.0627830665325746,185,13,0.055588430827268616,S. Edera,0.0391235733233016,0.5086064532029209,0.0,1064,1123,1093.5
355599,9.850066367402674,10.014188728044742,-0.1641223606420681,1438,35,0.2814304676400764,Mikel Oyarzabal,0.15985292394778847,5.594852338172596,3.0,123,895,509.0
355937,1.8407449102960527,1.4616762867663056,0.37906862352974713,732,15,0.12271632735307018,M. Holgate,0.5907707045830517,8.861560568745775,1.0,740,94,417.0
359847,5.1114963197000325,4.6416319576641545,0.469864362035878,1228,33,0.15489382786969796,Alfonso Pedraza,0.26726888041892616,8.819873053824564,0.0,551,662,606.5
361807,1.5551408633440733,1.1920317533044145,0.36310911003965884,617,20,0.07775704316720367,R. Bentancur,0.12317986835231712,2.4635973670463422,1.0,983,958,970.5
364005,1.4555409155888483,1.3601516524665058,0.09538926312234253,740,24,0.06064753814953535,F. Valverde,0.1810449812437649,4.345079549850357,1.0,1050,847,948.5
364820,6.1373120890930295,6.123055590549484,0.014256498543545604,359,15,0.40915413927286864,Loren Morón,0.07041968352851426,1.0562952529277139,0.0,28,1067,547.5
364850,3.275952812633477,3.1214639205718413,0.15448889206163585,831,14,0.2339966294738198,J. Firpo,0.21128740961096448,2.9580237345535028,1.0,212,778,495.0
364860,7.873685697326437,4.926255549187772,2.9474301481386647,2986,37,0.21280231614395775,Rodri,0.28310249432093587,10.474792289874628,1.0,290,636,463.0
368642,0.5256471986584366,0.4198752636956051,0.10577193496283144,144,11,0.047786108968948776,G. Crociata,0.020914642437407982,0.2300610668114878,0.0,1083,1164,1123.5
370224,0.5387709023198113,0.9936679458478466,-0.4548970435280353,726,12,0.04489757519331761,R. Holding,0.39759808986100514,4.7711770783320615,1.0,1097,365,731.0
372752,2.670993687688373,1.8601484986590222,0.8108451890293509,1382,33,0.08093920265722343,Carlos Soler,0.21956509927464588,7.245648276063314,0.0,963,762,862.5
372753,1.5468289240961894,1.628065838594921,-0.0812369144987315,777,14,0.11048778029258496,Francis Guerrero,0.18016706109350025,2.5223388553090036,1.0,812,849,830.5
373768,0.6985021583903581,0.5242803851077333,0.17422177328262478,246,15,0.04656681055935721,R. Orsolini,0.0899191626129854,1.348787439194781,0.0,1091,1031,1061.0
374013,2.7149000266799703,2.3540502372197807,0.36084978946018964,808,18,0.15082777925999835,A. Diawara,0.17264916441603845,3.107684959488692,1.0,582,866,724.0
376362,1.3825292178662494,1.663101083599031,-0.2805718657327816,922,18,0.07680717877034719,Luiz Felipe,0.33616239188406927,6.050923053913246,1.0,987,513,750.0
377071,2.4519611263498664,2.1950892021963373,0.2568719241535291,1425,38,0.06452529279868069,Richarlison,0.15681468691420566,5.958958102739816,0.0,1038,899,968.5
379209,1.8008347573922947,1.0217931050574407,0.779041652334854,737,25,0.0720333902956918,D. Rice,0.25315006336636037,6.32875158415901,1.0,1019,694,856.5
385273,4.683800848290071,4.767125758198768,-0.08332490990869701,581,30,0.15612669494300235,Charles,0.030974105350086344,0.9292231605025904,0.0,543,1149,846.0
388398,0.30679259123280644,1.418323385878466,-1.1115307946456596,619,15,0.02045283941552043,G. Pezzella,0.34793340993296595,5.219001148994489,1.0,1143,488,815.5
393881,0.7030566519824788,0.6113548079738393,0.09170184400863945,282,15,0.04687044346549859,H. Toledo,0.09968854628596001,1.4953281942894001,0.0,1089,1002,1045.5
395114,2.529769738903269,1.9731612593168393,0.5566084795864299,1133,25,0.10119078955613077,Zubeldía,0.18476082360843157,4.6190205902107895,1.0,853,839,846.0
395636,13.165805951226503,13.396645182394423,-0.23083923116791993,949,36,0.36571683197851396,Maxi Gómez,0.07235945042093245,2.604940215153568,0.0,42,1066,554.0
397168,2.7793269611429423,2.444890322862193,0.3344366382807493,982,21,0.13234890291156867,T. Fosu-Mensah,0.4342583541702159,9.119425437574534,1.0,677,306,491.5
397174,1.276690334896557,0.8536066989181563,0.4230836359784007,407,12,0.10639086124137975,S. McTominay,0.23703875602538219,2.8444650723045863,1.0,832,723,777.5
397178,6.824621433898806,6.864514222525991,-0.03989278862718493,1013,35,0.19498918382568017,M. Rashford,0.18281103940734206,6.398386379256972,3.0,360,844,602.0
397303,0.3350781710436568,0.2535523487571627,0.08152582228649408,169,12,0.02792318092030473,Ferrán Torres,0.0683325548849453,0.8199906586193436,0.0,1133,1069,1101.0
399676,7.510788357496262,6.063465438229963,1.4473229192662984,1745,35,0.21459395307132176,Pablo Fornals,0.3215530098204083,11.254355343714291,1.0,276,551,413.5
402898,1.5405657971277833,1.753361526876688,-0.2127957297489047,530,11,0.14005143610252577,S. Miangue,0.4614073081792938,5.075480389972232,1.0,636,257,446.5
403272,2.3464561188593507,2.4126038781832904,-0.06614775932393968,109,10,0.23464561188593508,O. Okwonkwo,0.018609591067944707,0.18609591067944709,0.0,211,1169,690.0
403449,1.9976542731747031,1.4905725723365322,0.507081700838171,612,13,0.15366571332113102,Rogério,0.45303757309109327,5.889488450184213,1.0,562,272,417.0
403546,0.7392222175775096,0.7462396760173142,-0.007017458439804614,243,14,0.052801586969822116,Lee Seung-Woo,0.09248477749635906,1.2947868849490267,0.0,1069,1025,1047.0
408293,0.34820087276026607,0.36713178279902786,-0.018930910038761795,245,12,0.029016739396688838,Javi Ontiveros,0.11487112881121986,1.3784535457346383,0.0,1128,973,1050.5
410031,2.1442534012021497,2.1209055461222306,0.0233478550799191,374,19,0.1128554421685342,M. Kean,0.04280562557589547,0.813306885942014,0.0,798,1114,956.0
410055,3.211544703808613,1.5580442120553926,1.6535004917532206,924,25,0.12846178815234452,Rober,0.23157039796560722,5.78925994914018,1.0,706,737,721.5
412897,3.266976227097213,3.102695529510267,0.1642806975869462,738,21,0.15557029652843873,Dani Raba,0.1493686396380054,3.136741432398113,3.0,545,913,729.0
415809,0.17538441257458182,0.36591786954924466,-0.19053345697466284,607,19,0.009230758556556938,F. Depaoli,0.24290803918148127,4.615252744448144,1.0,1159,712,935.5
417231,1.1378398074852303,1.0427773302039132,0.09506247728131711,736,16,0.07111498796782689,C. Adjapong,0.2825942096282196,4.521507354051513,1.0,1021,638,829.5
424241,1.6629186841892079,1.4636792344972491,0.19923944969195873,941,16,0.10393241776182549,N. Milenković,0.4081275789321403,6.530041262914245,1.0,840,343,591.5
424624,1.6388151398794726,1.2894703043792397,0.3493448355002329,843,14,0.11705822427710519,O. Etebo,0.27637474743923707,3.869246464149319,1.0,779,649,714.0
434159,1.3017612970368937,1.187851133284159,0.11391016375273466,257,11,0.11834193609426306,S. Field,0.15910345887108712,1.7501380475819583,1.0,771,896,833.5
443324,-0.19722963142953814,-0.18322474853880705,-0.014004882890731096,207,14,-0.014087830816395582,Douglas Luiz,0.06136970121210138,0.8591758169694192,0.0,1182,1076,1129.0
447804,8.914665524902754,8.590448108789511,0.3242174161132425,1789,36,0.24762959791396538,F. Chiesa,0.3442578080463605,12.39328108966898,0.0,178,496,337.0
447821,0.5391587100184784,0.6146528452827856,-0.07549413526430726,568,25,0.021566348400739135,Y. En-Nesyri,0.04110015711667114,1.0275039279167786,0.0,1142,1119,1130.5
450784,0.5776755402265117,0.32023127609211954,0.25744426413439214,342,18,0.032093085568139536,Óscar Melendo,0.04267783737381546,0.7682010727286783,0.0,1121,1115,1118.0
454457,3.571908926995471,3.5264306497378275,0.04547827725764364,756,18,0.19843938483308174,E. Brignola,0.13217299229020285,2.3791138612236513,0.0,349,939,644.0
485383,0.17810930595919489,-0.0007066770438104858,0.17881598300300539,327,11,0.016191755087199534,Álex Mula,0.17301886920144585,1.9032075612159045,0.0,1151,864,1007.5
489417,0.7589249878656119,0.8174894071416929,-0.058564419276081026,141,10,0.0758924987865612,Erik Expósito,0.033624871634328285,0.33624871634328285,0.0,994,1142,1068.0
489488,3.7030473778722808,3.284700138377957,0.41834723949432373,1156,21,0.17633558942248956,Martín,0.3761276606615295,7.898680873892119,1.0,448,415,431.5
491409,2.4308946336386725,2.585375330876559,-0.1544806972378865,200,12,0.2025745528032227,M. Barrow,0.10448090101854927,1.2537708122225912,0.0,336,993,664.5
